Element Symbol,symmetry,volume,Compounds
H,,,"['HW', 'KH', 'Pa3H', 'Na2HF4', 'NiH', 'Sr2HCl2', 'NaHS', 'HPd', 'Mn2HO4', 'KHS', 'YHO2', 'HI', 'SiH', 'MnH', 'HC6', 'Sr2HBr2', 'HC3', 'HC2N3', 'HCN', 'LiHF2', 'Pu3H', 'Al3H', 'HPt3', 'ZrH', 'HRh', 'HOs3', 'Re3H', 'Y3H', 'Ca2HI2', 'PrH', 'HIr', 'MnHO2', 'SmHO2', 'NbH', 'HN', 'CdH', 'EuHO3', 'HAuO2', 'RbH', 'Ti2HPd', 'CaHN', 'RbHO', 'Mg149H', 'CuHO2', 'Sr2HI2', 'CoHO2', 'MoH', 'Tc3H', 'H(CO)2', 'GaHO2', 'Si3H', 'TlH', 'NaHO', 'GdHO2', 'Np3H', 'ZnH', 'Ge3H', 'Yb3H', 'LiHPd', 'HNF2', 'LaHO2', 'HF', 'InH', 'NbHO3', 'MgNiH', 'PmH', 'AgH', 'MgH', 'Zr2HBr2', 'V2H', 'Tl3H', 'HoHO2', 'Ni2H', 'Eu3H', 'Mo2HO6', 'Ca2HBr2', 'HC', 'YbHO2', 'TbHO2', 'ErHO2', 'NaH', 'TlHO', 'LiHO2', 'Ca2HCl2', 'CuH', 'BeH', 'Ba2HBr2', 'BH', 'P3H', 'Ba3H', 'Sr3H', 'Ta2H', 'Cr3HO8', 'RbHS', 'Co3H', 'HPd3', 'HCO', 'GaH', 'ErH', 'Cr3H', 'HCl', 'TiH', 'Co4H', 'HW3', 'AlHO2', 'Fe3H', 'ScHO2', 'VH', 'Ti2H', 'HPb', 'Ba2HCl2', 'Mo3H', 'CsH', 'Ba2HI2', 'HC2', 'Cr2HO4', 'HBr', 'Ni3H', 'CrH', 'HI3', 'VHO3', 'FeH', 'Eu2HCl2', 'LiH', 'FeHO2', 'CoH', 'H(WO3)4']"
He,Im-3m,17.293960273317424,"['HeSiO2', 'He']"
Li,R-3m,61.205660097660434,"['LiSi3', 'LiW3', 'LiCu3', 'LiPu3', 'LiHg', 'LiAg', 'LiGe3', 'LiCe3', 'LiB3', 'LiTl3', 'LiAc3', 'LiNp3', 'Sr3Li', 'LiS4', 'LiBe', 'Rb3Li', 'LiAl2', 'LiO8', 'LiGa2', 'LiMg149', 'LiNi3', 'LiRh3', 'LiRh', 'LiEu3', 'LiGa3', 'LiAg3', 'LiSm3', 'LiPd', 'LiHf', 'LiSb3', 'LiC6', 'LiSn', 'LiDy3', 'LiLu3', 'LiO2', 'LiSn3', 'LiTm3', 'LiN', 'LiZn3', 'LiB', 'LiCa4', 'LiBi', 'LiEr3', 'LiMg15', 'LiBr', 'LiRe3', 'LiP', 'LiF', 'LiB9', 'LiPd7', 'LiHo3', 'LiGe', 'LiMg', 'LiN3', 'LiAs3', 'LiGd3', 'LiAl', 'LiPt7', 'LiMg7', 'LiAl3', 'LiMg2', 'LiMg5', 'LiTe3', 'LiIr', 'Li', 'LiI', 'LiP3', 'LiAu', 'Ba3Li', 'LiIn3', 'LiY3', 'LiHg3', 'LiCd3', 'LiC12', 'LiU', 'LiAs', 'LiAu3', 'LiPt', 'LiPa', 'LiMn', 'LiPt3', 'K3Li', 'LiPd3', 'LiP7', 'LiZn2', 'LiS', 'LiPb3', 'LiPb', 'LiLa3', 'LiB11', 'LiCa3', 'LiZn13', 'LiH', 'LiMg3', 'LiIn2', 'LiCl', 'LiTl', 'LiF3', 'LiYb3', 'LiPm3', 'LiPr3', 'LiTb3']"
Be,P6_3/mmc,31.796370288803224,"['K3Be', 'BeSnP2', 'ZrBeSi', 'BeSiP2', 'BeGe3', 'Be(B6C)2', 'BeSiNi2', 'ZrBeB', 'BeF2', 'BeO', 'BeFe3', 'BeCr3', 'BeZnS2', 'BeF4', 'LiBeN', 'Na2BeH4', 'BeZn3O4', 'BeTe', 'Na2BeO2', 'Li2BeAs2', 'Be(Bi3O5)4', 'Ta4Be', 'BeBr2', 'BeCN2', 'K2BeO2', 'Hf3Be', 'BePd3', 'Be(B3H7)2', 'LiBe', 'Be(BO2)4', 'BeH2', 'Li3Be', 'KBeH3', 'BeCl2', 'CeBeAl3', 'Mg16BeAl12', 'TmBeCu4', 'BeNi3', 'BeZn13', 'Be(CN)2', 'Be(GaO2)2', 'BeAg3', 'BePb3', 'CsBeH3', 'BeO2', 'Be(N3O7)2', 'TaBeB', 'Be', 'Be(BH4)2', 'BeAu2', 'NaBeSb', 'TiBeB', 'Li2BeF4', 'SmBeCu4', 'TbBeCu4', 'Ti4Be', 'Be(B3H8)2', 'Be(HO)2', 'Mg149Be', 'Na3Be', 'BeI2', 'K3BeF5', 'Na2BeF4', 'HoBeCu4', 'BeGeP2', 'BeCo2Ge', 'YBeCu4', 'DyBeCu4', 'BeRu3', 'LaBeAl3', 'BePd2', 'Th3Be', 'RbBeH3', 'LiBeAs', 'BeSiN2', 'Be(PN2)2', 'BeAl6O10', 'BeAlH5', 'K4BeAs2', 'Np3Be', 'Be(H2N)2', 'BeNF3', 'BeGeAs2', 'BeAl3', 'NaBeAs', 'LiBeSb', 'BeClO', 'BeAg4', 'BeSO8', 'HfBeSi', 'SrBeGe', 'Na6BeO4', 'SrBeF4', 'HfBe', 'BeC2', 'BeMo3', 'Cs2BeO2', 'BeZn3S4', 'K4BeP2', 'BeH', 'BeB2', 'BaBeSi', 'Mn3Be', 'SrBeSi', 'Ta2Be', 'BePd', 'BeRh', 'LiBeP', 'BeZnO2', 'KBeF3', 'BeSe', 'CaBeGe', 'BeGa3', 'TiBe', 'NdBeCu4', 'BeGaH5', 'BeAu3', 'BeNb4', 'Zr3Be', 'Ti3Be', 'BeCo2Si', 'BeP2', 'BeSiAs2', 'BeIn3', 'NaBeO2', 'CaBeSi', 'LiBeB', 'BeCrO4', 'BeS', 'BeSnAs2', 'BeNi', 'BeAu', 'BeCu', 'LiBeH3', 'Be(PO3)2', 'BeCo', 'Li2BeH4', 'Ti11BeO20']"
B,R-3m,86.74916330018324,"['BOs', 'Cr4B', 'CsB', 'Re3B', 'Ga3B', 'BPd5', 'BCl2', 'B', 'Ta2B', 'BiB', 'TaB', 'BMo2', 'CrB', 'BCl3', 'GeB', 'BRu', 'BH3', 'BPt2', 'BW2', 'RbB', 'Li2B', 'BAu3', 'BC', 'Co4B', 'BSb', 'Mg3B', 'ReB', 'BCl', 'BIr', 'Tc3B', 'BC5', 'SiB', 'BPt3', 'TcB', 'Fe3B', 'MnB', 'Li3B', 'BN', 'Si3B', 'BS2', 'BAu', 'Zn3B', 'BP', 'BPd6', 'KB', 'Be4B', 'Mg15B', 'Tl3B', 'LiB', 'CoB', 'BRu3', 'Th3B', 'BBr3', 'Co3B', 'NbB', 'Fe2B', 'BPt', 'PuB', 'In3B', 'BPb3', 'BMo', 'BF2', 'BW', 'Mg7B', 'BOs3', 'HfB', 'Ni3B', 'BO3', 'NiB', 'BC7', 'TiB', 'FeB', 'Mn2B', 'BBr', 'Np3B', 'BRh2', 'BH', 'BI3', 'VB', 'BF3', 'Mn4B', 'Cr2B', 'NaB', 'Ni2B', 'Hg3B', 'Be2B', 'BAs', 'SnB', 'Ti2B', 'Cd3B', 'Ge3B', 'ZrB', 'BPd4', 'BPd2', 'BSe2', 'Co2B', 'BC3', 'BPd3', 'Na3B', 'Sn3B', 'BRh']"
C,C2/m,18.32977894194205,"['LaC', 'CI2', 'Sm2C', 'CI4', 'NbC', 'CCl2', 'Sc2C', 'Fe2C', 'CS', 'Ta3C', 'Dy2C', 'Tc3C', 'Rb4C', 'NaC', 'TaC', 'B9C', 'Mg7C', 'BC', 'CS14', 'C', 'Zr3C', 'Mg15C', 'CBr4', 'CO3', 'Cr2C', 'Ni3C', 'Fe4C', 'RuC', 'GaC', 'K4C', 'KC', 'CrC', 'V2C', 'InC', 'Yb2C', 'CN2', 'CO', 'MoC', 'HgC', 'Y2C', 'TlC', 'PtC', 'Mo2C', 'WC', 'Lu2C', 'GeC', 'CdC', 'ReC', 'Hf3C', 'CS30', 'Fe3C', 'IrC', 'CS3', 'Tb2C', 'CO2', 'HC', 'Ta2C', 'SiC', 'OsC', 'B4C', 'ZrC', 'Hg3C', 'Nb2C', 'CN', 'PbC', 'HfC', 'Th5C', 'Ti2C', 'AgC', 'Mg3C', 'CF4', 'Zn3C', 'Tm2C', 'CF', 'W3C', 'W2C', 'AuC', 'Gd2C', 'CCl4', 'Ho2C', 'Er2C']"
N,,,"['Ti3N', 'Zr3N', 'ReN', 'CuN', 'Zr2N', 'Ca2N', 'Cu2N', 'LaN', 'NiN', 'NO3', 'IrN', 'InN', 'Zn3N', 'BrN', 'NO2', 'W2N', 'VN', 'PrN', 'TiN', 'Fe3N', 'Cr2N', 'ZrN', 'AgN', 'HN', 'CdN', 'BN', 'OsN', 'Sr2N', 'Nb2N', 'RuN', 'Mo2N', 'PdN', 'MoN', 'LiN', 'HgN', 'C3N', 'Fe8N', 'Eu2N', 'Ag3N', 'GaN', 'TaN', 'NO', 'SrN', 'S2N', 'Pd2N', 'TcN', 'V8N', 'Cu3N', 'Pd3N', 'TlN', 'Co3N', 'Tc3N', 'MnN', 'Ni3N', 'NbN', 'B9N', 'Ta2N', 'ZnN', 'V2N', 'NF', 'FeN', 'KN', 'Fe2N', 'SeN', 'YN', 'SN', 'Re3N', 'Ta3N', 'Ti2N', 'AcN', 'RhN', 'Hf2N', 'Mn2N', 'CN', 'Na3N', 'WN', 'Ba2N', 'Fe4N', 'CrN', 'NF2', 'PbN', 'SbN', 'AlN']"
O,,,"['BrO', 'CaO', 'Ti2O', 'Ge3O', 'NiO', 'N2O', 'OF3', 'Zr2O', 'CoO', 'BeO', 'SiO', 'NbO', 'PdO', 'GaO', 'MgO', 'FeO', 'B8O', 'ZnO', 'Ag2O', 'BiO', 'ClO', 'Zr4O', 'CuO', 'AgO', 'Li2O', 'V8O', 'Rb6O', 'SnO', 'MnO', 'Na2O', 'B6O', 'Al2O', 'TiO', 'CO', 'Sm2O', 'Th3O', 'PtO', 'CrO', 'CdO', 'Ag3O', 'Ta6O', 'Ti3O', 'Si3O', 'Tl2O', 'Ta4O', 'Zr3O', 'Cl2O', 'Cr3O', 'BaO', 'Cs2O', 'OF', 'B2O', 'InO', 'HgO', 'PbO', 'Ti6O', 'Cs7O', 'Sn2O', 'Cs3O', 'Rb2O', 'K2O', 'VO', 'H2O', 'NO']"
F,,,"['CaF', 'FeOF', 'N2F', 'Sm2Cl2F', 'MnOF', 'CrOF', 'TbOF', 'Tb2S2F', 'YOF', 'Er2S2F', 'Ir3F', 'SbOF', 'Ba2Br2F', 'Tm2I2F', 'Rh3F', 'Ba2Cl2F', 'SNF', 'Tm2Br2F', 'Mn4O7F', 'VO2F', 'LaF', 'Mn5O9F', 'Bi5O7F', 'V3F', 'Re3F', 'Ca10Ge6F', 'Co2O3F', 'Dy2S2F', 'Ca2F', 'V3O5F', 'Nd2S2F', 'Ge3F', 'Hg3F', 'V2O3F', 'Fe6O11F', 'InOF', 'YbF', 'Pr2S2F', 'Sr2Br2F', 'Ag3F', 'La2S2F', 'HgF', 'Fe10O19F', 'Fe3O5F', 'Sr2I2F', 'Os3F', 'CuF', 'Ba2I2F', 'Fe4O7F', 'LiF', 'HF', 'Y2S2F', 'TiNF', 'KF', 'NaF', 'BiOF', 'Sm2Br2F', 'Fe2O3F', 'Pt3F', 'CoOF', 'CsF', 'Eu2Cl2F', 'Ag2F', 'Tl3F', 'Sb5O7F', 'NF', 'VOF', 'Ho2S2F', 'Ca10Si6F', 'TlF', 'V6O11F', 'Co3O5F', 'AgO2F', 'Mn2O3F', 'Pd3F', 'Y2OF', 'Bi3O4F', 'Ca2Cl2F', 'SrF', 'NiOF', 'C2F', 'ClF', 'Eu2Br2F', 'Pr2Se2F', 'Sm2I2F', 'Sm2Se2F', 'Ru3F', 'RbF', 'Yb2I2F', 'AgF', 'CF', 'Sm2F', 'Ca2Br2F', 'Fe3F', 'Mn3O5F', 'Sr2Cl2F', 'Mn6O11F', 'YSeF', 'OF', 'Si3F', 'RbO2F', 'Cu3F', 'UF']"
Ne,Fm-3m,18.456187514358387,['Ne']
Na,P6_3/mmc,73.87639201807406,"['NaPt2', 'NaP', 'NaHg', 'NaCu', 'NaP5', 'NaAc3', 'NaTe', 'NaLa', 'NaSe2', 'NaGd3', 'NaSn5', 'NaTb3', 'NaC64', 'NaLa3', 'NaO8', 'NaNp3', 'NaC', 'NaAg3', 'NaGa4', 'NaTe3', 'NaTi3', 'NaIn2', 'NaBi', 'NaPt', 'NaLi3', 'NaCl7', 'NaYb3', 'Na', 'NaY3', 'NaN', 'NaC2', 'NaSi6', 'BaNa', 'NaS', 'NaDy3', 'NaTl3', 'NaHg3', 'NaHg2', 'NaNd3', 'NaSn', 'K3Na', 'NaSi34', 'NaMg7', 'NaEr3', 'NaMg15', 'NaPr3', 'NaCe3', 'NaMo3', 'NaZn13', 'NaN3', 'NaF3', 'NaAs', 'NaPd3', 'NaGa3', 'NaAg2', 'NaSc3', 'NaO3', 'NaZn3', 'NaSe', 'NaF', 'NaAu3', 'NaPb3', 'NaCu3', 'NaSr3', 'NaSn2', 'NaMg3', 'NaCl3', 'NaBi3', 'NaTa3', 'NaTl', 'NaPm3', 'NaNb3', 'NaSi68', 'NaNi3', 'NaCo3', 'NaP7', 'NaEu3', 'NaRu3', 'NaAl3', 'NaH', 'NaPu', 'NaIn', 'NaHo3', 'NaGa', 'NaLu3', 'NaP15', 'NaSi', 'NaMg', 'NaTl2', 'NaB', 'NaBr', 'Ba3Na', 'NaO5', 'NaO2', 'NaTm3', 'NaAs2', 'NaCd3', 'NaTm', 'NaGe', 'NaIn3', 'NaTc3', 'NaRe3', 'NaSn3', 'NaPb', 'NaAu2', 'Rb3Na', 'NaCa3', 'NaCl', 'NaSb', 'NaS2', 'NaMg149', 'NaAc', 'NaI']"
Mg,P6_3/mmc,44.79899633535127,"['MgTi', 'MgO2', 'MgNb2', 'MgAg2', 'CeMg', 'MgSb', 'MgNi', 'MgF2', 'MgCd2', 'MgSb2', 'MgGa2', 'MgPb2', 'Y2Mg', 'LiMg', 'Li2Mg', 'MgSn2', 'MgHg2', 'MgO', 'La2Mg', 'MgSn', 'Rb2Mg', 'MgAl', 'MgPb', 'MgSi2', 'MgSi', 'MgGa', 'Sr2Mg', 'MgTi2', 'MgSc2', 'MgCd', 'Eu2Mg', 'MgCl2', 'MgGe', 'Ce2Mg', 'MgIn', 'MgGe2', 'YMg', 'CaMg', 'MgIn2', 'Sm2Mg', 'Sr5Mg', 'MgAu2', 'MgZn2', 'MgZn5', 'Ac2Mg', 'Nd2Mg', 'Yb2Mg', 'MgPt2', 'MgBi', 'MgBi2', 'MgZn', 'SrMg', 'Pr2Mg', 'Mg', 'Ca2Mg', 'Pm2Mg']"
Al,Fm-3m,16.471717630914863,"['AlBi', 'PrAl', 'Dy3Al', 'AlRe2', 'Hf3Al', 'Np3Al', 'AlCo3', 'Sc2Al', 'AlCu', 'AlNi3', 'AlBi3', 'AlP', 'AlAu2', 'Mg149Al', 'AlAu4', 'AlB2', 'AlH6', 'SmAl', 'Nd3Al', 'MnAl', 'AlFe3', 'AlC6', 'Lu3Al', 'TiAl', 'Sr2Al', 'AlBr3', 'AlGe3', 'AlI3', 'AlO', 'AlTc2', 'AlAg', 'Zr3Al', 'K3Al', 'Ti3Al', 'Ce3Al', 'AlOs', 'AlPt', 'Nb2Al', 'AlAu', 'AlAu3', 'AlCl3', 'Zr2Al', 'AlC3', 'Yb3Al', 'CeAl', 'Sm3Al', 'AlAs', 'AlPt3', 'Pr3Al', 'ScAl', 'AlRh', 'AlCr2', 'Ti2Al', 'AlH3', 'DyAl', 'AlPb3', 'LiAl', 'AlF3', 'Y3Al', 'La3Al', 'Pu3Al', 'AlGa3', 'AlPd', 'AlIr', 'AlRh3', 'Hf2Al', 'AlTc3', 'AlCo', 'Al', 'Pa3Al', 'AlFe', 'Tb3Al', 'YAl', 'Mg3Al', 'Mg7Al', 'AlRu', 'AlCd3', 'AlO3', 'Tm3Al', 'AlAg4', 'TbAl', 'AlAg3', 'AlCo4', 'Sc3Al', 'AlMo3', 'Nb3Al', 'RbAl', 'AlNi', 'AlCu4', 'AlCu3', 'NdAl', 'AlRe', 'AlSn', 'Li3Al', 'Gd3Al', 'AlNi2', 'Rb3Al', 'AlV3', 'AlPd3', 'AlSi', 'AlSb', 'Pm3Al', 'Th2Al', 'AlFe2', 'SrAl', 'Mg15Al', 'AlN', 'MgAl', 'Ta2Al', 'GdAl']"
Si,Fd-3m,40.32952684741405,"['Fe2Si', 'SiSe2', 'Lu3Si', 'SiS4', 'Mn3Si', 'U3Si', 'SiH2', 'SiPt2', 'Fe3Si', 'SiRh3', 'SiPb3', 'SiRh', 'Si', 'SiO4', 'SiBr3', 'SiC2', 'SiS2', 'SiAs3', 'SiC3', 'MgSi', 'Mg2Si', 'SiH8', 'BaSi', 'Be3Si', 'Cu3Si', 'Rb3Si', 'SiGe3', 'Tl3Si', 'Zn3Si', 'SiHg3', 'SiO2', 'SiPt3', 'SiAs']"
P,P2/c,1935.1232668474006,"['NaP', 'PPd3', 'ThP', 'MgP', 'MnP', 'Cd2P', 'TlP', 'Ag3P', 'TbP', 'PI2', 'PPt3', 'Bi3P', 'NbP', 'PRh2', 'InP', 'TaP', 'Cd3P', 'AlP', 'TmP', 'Cu3P', 'Co2P', 'Si3P', 'Fe2P', 'KP', 'Nb2P', 'PSe', 'FeP', 'Np3P', 'PCl3', 'Zn3P', 'LuP', 'Mn2P', 'B13P', 'NdP', 'PRu', 'GeP', 'PuP', 'PO3', 'BP', 'PPd6', 'PO2', 'PO4', 'SrP', 'PPb', 'CoP', 'PBr3', 'PPt', 'PIr2', 'DyP', 'Mg2P', 'Fe4P', 'Ta2P', 'Hg3P', 'NpP', 'Ta3P', 'PF5', 'PRu2', 'PN2', 'Al3P', 'Eu3P', 'Ga3P', 'PAu3', 'Na3P', 'LiP', 'Ni2P', 'Sn3P', 'PH3', 'ScP', 'PrP', 'Ho3P', 'PI3', 'PBr5', 'B6P', 'GaP', 'Li3P', 'Re2P', 'TiP', 'PBr', 'SnP', 'Mg149P', 'Sr3P', 'K3P', 'MoP', 'LaP', 'Hf2P', 'Ge3P', 'Zn2P', 'CeP', 'CaP', 'PBr2', 'Mo12P', 'ZnP', 'YP', 'RbP', 'Rb3P', 'Cr2P', 'HoP', 'HfP', 'NiP', 'V2P', 'Y3P', 'SiP', 'VP', 'Sc3P', 'UP', 'AsP', 'PS', 'P', 'EuP', 'PW', 'Tm3P', 'ZrP', 'SmP', 'Mo3P', 'PPd4', 'ErP', 'PW3', 'Rb2P', 'PBr7', 'PCl5', 'GdP', 'Ti2P', 'CrP', 'PPb3', 'Er3P', 'Yb3P']"
S,Fddd,887.5956414230244,"['Li2S', 'Ta6S', 'V3S', 'SN', 'LaS', 'PtS', 'As2S', 'SO6', 'SO3', 'Cu2S', 'KS', 'Ag2S', 'AsS', 'NaS', 'Th3S', 'PmS', 'CoS', 'CS', 'LiS', 'Tl3S', 'SBr3', 'Pd4S', 'CeS', 'ZnS', 'PbS', 'SmS', 'PS', 'YS', 'TlS', 'Tl2S', 'SF6', 'CuS', 'Ni2S', 'P2S', 'Ni3S', 'ZrS', 'EuS', 'InS', 'FeS', 'CdS', 'HgS', 'Bi2S', 'SO4', 'SF4', 'S', 'H3S', 'RbS', 'HoS', 'BiS', 'Cd2S', 'SO5', 'H2S']"
Cl,,,"['CuCl', 'AgCl', 'C9Cl', 'PdSCl', 'Pr3Cl', 'SeCl', 'Cu2ClO3', 'TeRhCl', 'Te2Cl', 'PuCl', 'NClO2', 'N3Cl', 'Eu2PCl', 'BaN3Cl', 'Mg149Cl', 'NaClO4', 'LaClO', 'Cs2BrCl', 'CCl', 'Pt3Cl', 'YCl', 'SrClF', 'ClO3', 'BCl', 'CrCl', 'Na2Cl', 'InCl', 'Ce3Cl', 'BiClO', 'ICl', 'SrHCl', 'Zr3Cl', 'In5Se5Cl', 'GdClO', 'CuSCl', 'N4Cl', 'PuClO', 'AuCl', 'ClF5', 'BaClO3', 'KClO3', 'Co3Cl', 'CNCl', 'ClO5', 'PrClO2', 'HgCl', 'NdClO', 'CsCl', 'LaTeCl', 'ClO2', 'HoClO2', 'Os3Cl', 'DyClO2', 'YClO', 'NaClO3', 'Hg3Cl', 'PrTeCl', 'LaCl', 'CaClF', 'Nd3Cl', 'In3Cl', 'BaHCl', 'TbClO2', 'ScCl', 'ThNCl', 'CaHCl', 'Y2ClO2', 'ClO6', 'PbClF', 'AgClO2', 'C16Cl', 'BrCl', 'YCCl', 'AgClO4', 'Ac3Cl', 'KCl', 'SnCl', 'Cl(OF)2', 'C3NCl', 'GdClO2', 'In5S5Cl', 'Au3Cl', 'SmClO2', 'Mg16Al12Cl', 'ZrCl', 'SmClO', 'UNCl', 'TlCl', 'H5ClO6', 'AuClO2', 'CeTeCl', 'Th3Cl', 'NdClO2', 'SNCl', 'Ru3Cl', 'Bi3ClO4', 'GdCl', 'FeCl', 'CuClO2', 'CeClO', 'S3Cl', 'NiCl', 'ClF3', 'Ba2P7Cl', 'CsClO3', 'Ag3Cl', 'EuHCl', 'H3NCl', 'HCl', 'ClF', 'H7ClO3', 'SCl', 'PrClO', 'Sb4ClO6', 'La3Cl', 'Na3Cl', 'LaClO2', 'TbCl', 'NdTeCl', 'ErClO', 'OsClF8', 'N2Cl', 'ThCl', 'LiCl', 'Tl4Br3Cl', 'EuClO2', 'BaClF', 'U3Cl', 'NCl', 'NaCl', 'RbCl', 'YClO2', 'CN6Cl', 'Tl3Cl', 'Cu3Cl', 'ClO']"
Ar,Fm-3m,38.56579000820011,['Ar']
K,Cmce,612.2311625848381,"['KH', 'KC8', 'KS', 'KMg7', 'KNa2', 'KBr', 'KS3', 'KCd13', 'KBa3', 'KP15', 'KBr3', 'KLu', 'KNd3', 'KP', 'KC2', 'KTe', 'KBi', 'KTl3', 'KTl', 'KF2', 'KC60', 'KPb3', 'KAg2', 'KYb3', 'KSe', 'KF3', 'KSb', 'KHg3', 'KPm', 'KC', 'KGe', 'KBi2F7', 'KI', 'KB', 'Cs3K', 'KNO3', 'KMg15', 'KGa', 'KPr3', 'KSm', 'KSn', 'KO3', 'CsK', 'KPt', 'KSb2', 'KNd', 'KPb', 'KO2', 'KIO3', 'KZn13', 'KSm3', 'KHg6', 'KFe', 'KTh3', 'KU3', 'KF', 'KSn3', 'KEu3', 'KCl', 'KSi', 'KY', 'K', 'KSb3', 'KRb3', 'KHg11', 'KLi3', 'KN2', 'KAu2', 'KIn3', 'KCu7S4', 'KN', 'KTm', 'KBi3', 'KMg3', 'KCN', 'KHg2', 'KPb2', 'KIn4', 'KC10', 'KAs', 'KBi2', 'KB6', 'KPu', 'KSr3', 'KLa3', 'KCl3', 'KCa3', 'KSe3', 'KAc3', 'KSn2', 'KPt3', 'KTl2', 'KPm3', 'KCd3', 'KN3', 'KAu5', 'KCo', 'KF5', 'KCe3', 'KH3', 'KTe3', 'KHg', 'KGa3']"
Ca,Fm-3m,43.36096382607296,"['CaGe2', 'CaGa2', 'CaB4', 'CaF', 'CaC6', 'CaTb3', 'CaH3', 'CaHg3', 'CaMg3', 'CaCd3', 'CaH2', 'Rb3Ca', 'CaO2', 'CaTl3', 'CaMg15', 'CaN2', 'CaAg3', 'CaZn3', 'CaC4', 'CaPt2', 'BaCa', 'CaB2', 'CaSe', 'CaGa4', 'CaBr2', 'CaLa', 'CaCd2', 'CaBi3', 'CaHg', 'CaYb3', 'CaSi2', 'CaPr3', 'CaHg11', 'CaN', 'CaNi3', 'Cs3Ca', 'K3Ca', 'CaF2', 'CaEu3', 'CaSi3', 'CaMg7', 'CaPd', 'Li2Ca', 'CaMn28', 'CaMg5', 'CaOs3', 'CaPm3', 'CaSm3', 'CaIn2', 'CaBr', 'CaPt5', 'Li3Ca', 'CaMg149', 'CaO', 'CaNp', 'Ca', 'Na3Ca', 'CaAs', 'CaNi', 'CaNd3', 'CaPd5', 'CaSb2', 'CaDy3', 'CaCu', 'CaMg2', 'CaO10', 'CaIn', 'CaAu3', 'CaMg', 'CaB6', 'CaHo3', 'CaP', 'CaAu5', 'CaNi5', 'CaAl4', 'CaPd2', 'CaC2', 'CaI2', 'CaAs3', 'Sr3Ca', 'CaCu5', 'CaGe3', 'CaZn5', 'CaS', 'CaCl2', 'CaF3', 'CaAc3', 'CaHg2', 'Ba3Ca', 'CaZn2', 'CaI', 'CaTl', 'CaZn', 'SrCa', 'CaSn3', 'CaPb', 'CaC', 'CaTe', 'CaZn11', 'CaCd', 'CaP3', 'CaPb3']"
Sc,P6_3/mmc,50.02447391787033,"['ScH2', 'ScIr2', 'Yb3Sc', 'HfSc', 'ScZn2', 'ScCl3', 'ScAg3', 'ScPb3', 'ScNb', 'ScNi3', 'Sm3Sc', 'ScIn3', 'ScAg', 'ScAg4', 'ScPt3', 'ScPd', 'ScCu2', 'ScBi3', 'ScO', 'ScZn6', 'ScCd3', 'ScC', 'ScSe2', 'ScAl3', 'ScAs', 'ScBi', 'Mg7Sc', 'ScMn2', 'Tm3Sc', 'ScInP2', 'ScSb3', 'ScSi', 'Ho3Sc', 'ScRh', 'ScO3', 'ScOs3', 'ScIn2', 'ScRu', 'ScAu3', 'Ac3Sc', 'ScS', 'Sr3Sc', 'Mg149Sc', 'ScRh3', 'ScIn', 'Sc', 'ScOs2', 'ScGa', 'ScSn2', 'ScAu2', 'ScBr3', 'ScTe3', 'ScS2', 'ScFe2', 'Mg4Sc', 'Tb3Sc', 'Mg2Sc', 'ScCl', 'ScTc2', 'Na3Sc', 'Hf3Sc', 'ScBe13', 'ScB12', 'Pm3Sc', 'ScAl', 'ScPd3', 'La3Sc', 'ScTe', 'Mg3Sc', 'ScGa3', 'ScP', 'ScCd', 'TbSc', 'ScTc3', 'ScHg3', 'ScZn12', 'K3Sc', 'ScGe', 'Lu3Sc', 'ScGa2', 'ScCu', 'MgSc', 'ScO2', 'ScNi', 'ScBr2', 'ScC2', 'ScCd7', 'ScAg2', 'ZrSc', 'Pr3Sc', 'ScRe2', 'ScRu2', 'ScIr3', 'ScNi2', 'Hf5Sc', 'ScZn3', 'ScSn', 'ThSc', 'ScAu', 'ScCo', 'ScH3', 'ScCu3', 'ScRu3', 'ScMo3O8', 'ScI2', 'ScIr', 'ScHg', 'ScSn3', 'ScBe5', 'Sc(NF2)3', 'Pu3Sc', 'ScIn3P4', 'ScNi5', 'Nd3Sc', 'ScGe2', 'ScZn', 'ScCo2', 'ScAl2', 'ScHO2', 'ScB2', 'Ce3Sc', 'Li3Sc', 'ScSe', 'ScFe3', 'YSc', 'ScAu4', 'ScN', 'Zr9ScO20', 'Zr3Sc', 'ScPt', 'ScSb', 'Mg5Sc', 'ScF3', 'ScSi2', 'ScI3', 'Er3ScS6']"
Ti,P6/mmm,51.05915967771039,"['MgTi', 'TiNi', 'U2Ti', 'TiN2', 'TiTe', 'Mg15Ti', 'TiCl2', 'TiAu', 'TiOs2', 'TiPb3', 'Sr3Ti', 'Mg2Ti', 'TiI4', 'TiI2', 'TiAu3', 'TiAu2', 'Na3Ti', 'TiAl3', 'Sm3Ti', 'TiN', 'TiMn2', 'TiAs', 'TiAl', 'TiPt3', 'TiO2', 'TiHg', 'PaTi', 'TiIn', 'TiCu', 'TiF3', 'TiCr2', 'TiCo2', 'TiPd', 'TiS', 'TiCd', 'TiF6', 'TiSb3', 'TiCl3', 'TiSb2', 'TiPt8', 'TiO', 'TiRh', 'TiBe3', 'TiPd2', 'TiP3', 'TiZn2', 'TiSe2', 'Mg7Ti', 'ZrTi', 'TiCl4', 'TiBr2', 'Mg3Ti', 'U3Ti', 'TiIr', 'TiZn3', 'Rb3Ti', 'TiCo3', 'La3Ti', 'TiF4', 'Yb3Ti', 'TiFe2', 'TiP', 'TiPd3', 'TiH2', 'TiBe12', 'Th3Ti', 'TiCd3', 'Mg149Ti', 'TiB2', 'HfTi', 'TiNi3', 'TiBr3', 'TiGa2', 'Ti', 'Ac3Ti', 'Eu3Ti', 'TiGa', 'TiI3', 'TiBr4', 'TiSi2', 'TiSe', 'TiTe2', 'Mg5Ti', 'TiH', 'TiAs3', 'UTi', 'TiSb', 'TiAl2', 'K3Ti', 'TiI', 'Nd3Ti', 'TiGa3', 'TiS3', 'TiFe4', 'TiAg', 'TiS2']"
V,Im-3m,13.263780153478194,"['VRh', 'VSi2', 'VPd3', 'VSb', 'Mg15V', 'Mg7V', 'VC', 'VTe', 'Be12V', 'VF4', 'Be2V', 'VN', 'VFe', 'VCo', 'MnV', 'VS', 'VO', 'Yb3V', 'VTe2', 'VRu3', 'VP4', 'VSe2', 'VP2', 'VGe3', 'VF2', 'VC3', 'VSn3', 'Th3V', 'Mg6V', 'PaV', 'VOs', 'VSe', 'VBi2', 'VMo', 'VI2', 'Al3V', 'VIn3', 'Mg149V', 'VNi3', 'VB2', 'VPt3', 'VIr3', 'VS4', 'VGe2', 'VAs2', 'VGa', 'Tl3V', 'VHg3', 'VO3', 'VCl4', 'Tm3V', 'VSb2', 'Ca3V', 'Zr3V', 'Sc3V', 'V', 'Eu3V', 'VRh3', 'VNi', 'VCl2', 'VCo4', 'VTc', 'K3V', 'VRu', 'VPd4', 'VCo3', 'VBr2', 'VCl5', 'VS2', 'VP', 'VCl3', 'Mg3V', 'VH', 'VIr', 'Ac3V', 'VAu3', 'VBr3', 'VZn3', 'VF3', 'VPt', 'VPt8', 'LaV', 'VF5', 'VAu', 'VI3', 'VI', 'VO2']"
Cr,Im-3m,26.16895772559837,"['Mg15Cr', 'Cr', 'CrIr3', 'CrRh3', 'Be2Cr', 'CrIr', 'CrB', 'CrP4', 'CrS', 'Mg7Cr', 'MgCr', 'CrRe3', 'Sm3Cr', 'Be12Cr', 'CrB2', 'Na3Cr', 'CrTe3', 'CrRu', 'CrAg3', 'CrIn3', 'CrPb2', 'Li3Cr', 'CrCl', 'Al3Cr', 'CrI3', 'Ce3Cr', 'CrFe3', 'Yb3Cr', 'CrP2', 'Nd3Cr', 'CrSi', 'CrCo3', 'CrN2', 'CrAs', 'CrRh', 'Rb3Cr', 'CrC', 'CrSb', 'CrF3', 'CrI2', 'CrMo3', 'Tl3Cr', 'Ac3Cr', 'CrF6', 'CrPt', 'CrAs2', 'CrF5', 'CrF4', 'CrPd', 'CrCl3', 'Eu3Cr', 'CrH3', 'CrPt4', 'CrSe', 'CrF2', 'CrNi3', 'CrTe2', 'CrGe', 'CrS2', 'CrO2', 'CrPd3', 'CrNi', 'CrO3', 'CrSb2', 'Pm3Cr', 'Th3Cr', 'CrBr3', 'Nb3Cr', 'CrPt3', 'CrHg3', 'CrSe2', 'Pr3Cr', 'Mg149Cr', 'Mg3Cr', 'CrAu', 'Zn3Cr', 'CrH', 'CrBr2', 'CrN', 'CrO', 'Sr3Cr', 'CrCo', 'CrSi2', 'CrTe', 'K3Cr', 'CrGa', 'CrBi']"
Mn,I-43m,377.65780883545983,"['Zr3Mn', 'MnP', 'MnPd', 'MnSe', 'MnB4', 'MnPt', 'MnRu3', 'MnS', 'MnF3', 'MnGa4', 'MnFe3', 'Tb4Mn', 'MnH', 'MnNi', 'MnSn', 'MnTe2', 'Dy4Mn', 'MnO2', 'Mg15Mn', 'MnSn3', 'MnNi3', 'MnGe3', 'MnHg', 'MnAl', 'MnV', 'MnB', 'MnO', 'MnAl12', 'HfMn', 'MnSi', 'MnFe', 'Yb3Mn', 'Rb3Mn', 'MnAu3', 'MnZn', 'Mg7Mn', 'MnF2', 'Pu4Mn', 'MnSe2', 'Ho4Mn', 'MnTe', 'MnPt2', 'MnHg3', 'MnCl2', 'MnPt3', 'MnIn3', 'Mg149Mn', 'MnRu', 'MnSb', 'MnB2', 'MnTl3', 'MnBe2', 'MnP4', 'MnGe', 'MnAu2', 'MnIr3', 'MnOs3', 'MnN', 'Zr4Mn', 'MnCo', 'Hf2Mn', 'MnO4', 'MnRh', 'MnZn13', 'Na3Mn', 'MnS2', 'K3Mn', 'MnGe2', 'MnV3', 'MnCu3', 'Mn', 'Mg3Mn', 'MnAu4', 'MnBe12', 'MnBr2', 'U6Mn', 'MnCo3', 'LiMn', 'MnZn3', 'MnCd3', 'MnGa', 'MnMo3', 'Ca3Mn', 'MnSn2', 'MnI2', 'MnBe3', 'MnF4', 'MnAs', 'MnBi', 'MnAu', 'MnSb4', 'MnIr', 'MnBi3', 'MnPd3', 'Ba3Mn']"
Fe,Im-3m,23.468168469356993,"['FeAg3', 'Zr4Fe', 'FeIr', 'Er4Fe', 'FeSn2', 'FeSe2', 'FeHg3', 'FeCo9', 'FeSi', 'FeNi', 'Cr3Fe', 'FeNi3', 'FeO3', 'Be5Fe', 'Ti3Fe', 'FeH3', 'VFe', 'Mg149Fe', 'Hf4Fe', 'FeRu', 'Al3Fe', 'Dy4Fe', 'MnFe', 'Ta2Fe', 'FeNi2', 'Zn13Fe', 'FeF6', 'FeAg', 'FeO', 'FeBr2', 'Fe', 'FeCo', 'FeSn3', 'TiFe', 'NbFe', 'FeCu4', 'Tl3Fe', 'FeS', 'FeCu3', 'FeF2', 'FePt3', 'Ga3Fe', 'Zr2Fe', 'Cd3Fe', 'Mg7Fe', 'Nb3Fe', 'TaFe', 'Li3Fe', 'Sr3Fe', 'KFe', 'Np4Fe', 'FePd2', 'FeF4', 'FeP4', 'FeBr3', 'FeCo3', 'Nd2Fe', 'Ti2Fe', 'FeS2', 'ZnFe', 'FeRh', 'FePd3', 'FePd', 'Pu6Fe', 'FeSb3', 'FeSe', 'FeSb2', 'Pr4Fe', 'FeGe', 'FeAu', 'FeB', 'AlFe', 'FeRe', 'FeRh3', 'FeB2', 'FeH4', 'FeCl3', 'FeN', 'FeCl', 'Nd4Fe', 'Lu4Fe', 'FeSb', 'Be12Fe', 'FeF3', 'FeTe', 'Tm4Fe', 'Nb2Fe', 'FeCl2', 'FeGe3', 'FeGe2', 'Na3Fe', 'FeI2', 'FeTe2', 'U6Fe', 'Cr2Fe', 'FeIr3', 'FeSn', 'Sc4Fe', 'Mg15Fe', 'FeO2', 'GaFe', 'FeH', 'U4Fe', 'Mg3Fe', 'V3Fe', 'FeAu3', 'FeRe3', 'Be2Fe', 'FePt', 'FeSi2', 'Be3Fe']"
Co,Fm-3m,10.841542632772713,"['Zr2Co', 'Ta4Co', 'CoTe2', 'YCo', 'K3Co', 'CoRe3', 'Be5Co', 'CoAs3', 'CoTc', 'CoS', 'Tb4Co', 'Tl3Co', 'NdCo', 'CoIr', 'CoCl2', 'CoAu4', 'CoSn', 'CoPd', 'Hf2Co', 'TiCo', 'Yb4Co', 'CoSi', 'Mg3Co', 'Ta2Co', 'Hf4Co', 'CoSb3', 'Pu2Co', 'VCo', 'Nd2Co', 'CoO4', 'CoF4', 'CoW', 'CoSb2', 'Zr3Co', 'CoH3', 'Ti2Co', 'Na3Co', 'In3Co', 'HfCo', 'Cr3Co', 'Ti4Co', 'CoSi2', 'CoW3', 'FeCo', 'CoI2', 'Sc2Co', 'CoBr', 'CoN3', 'Hf3Co', 'BeCo', 'CoS2', 'CoAs2', 'LaCo', 'CoPt3', 'CoPd3', 'CoF2', 'Mg15Co', 'Mn3Co', 'CoOs', 'ZnCo', 'CoP3', 'Pu4Co', 'CoN12', 'Pr4Co', 'CoF3', 'V3Co', 'CoMo', 'Co', 'CoN', 'CoMo3', 'UCo', 'Fe3Co', 'Be12Co', 'Tm4Co', 'MnCo', 'CoHg3', 'ZrCo', 'CoAu3', 'Ga3Co', 'AlCo', 'NbCo', 'Zn3Co', 'CoSn3', 'CoPt2', 'Sm4Co', 'CoRe', 'La4Co', 'CoNi', 'CoSe2', 'ScCo', 'CoSe', 'Cr2Co', 'Lu4Co', 'U6Co', 'CoAs', 'Rb3Co', 'CoP2', 'Pu6Co', 'CoO', 'U4Co', 'CoSb', 'CoSn2', 'Be3Co', 'CoRu', 'Nd4Co', 'Mg7Co', 'CoTe', 'Zr4Co', 'Zn13Co', 'CoPb3', 'GaCo', 'Fe15Co', 'CoNi3', 'Sc4Co', 'Li3Co', 'Ho4Co', 'CrCo', 'CoH', 'CoO2', 'TaCo', 'CoBr2', 'CoTc3', 'CoGe', 'CoRh3', 'CoRh', 'CoPt']"
Ni,Fm-3m,10.492020341068946,"['TiNi', 'Ga5Ni', 'Sr3Ni', 'MgNi', 'NiIr3', 'TcNi', 'NiH', 'Hf3Ni', 'NiF4', 'CuNi', 'Zn3Ni', 'PaNi', 'Fe3Ni', 'Re3Ni', 'Tc3Ni', 'NiSe', 'Ho4Ni', 'Si2Ni', 'NiPd3', 'Nd4Ni', 'NiC4', 'NiAs', 'Lu4Ni', 'NiN', 'FeNi', 'MnNi', 'NiSb3', 'SiNi', 'NbNi', 'U6Ni', 'Mg7Ni', 'NiI2', 'Co3Ni', 'NiRu', 'La4Ni', 'NiP4', 'NiO', 'Ta5Ni', 'Yb4Ni', 'NiPb', 'Be3Ni', 'Nb3Ni', 'Cr3Ni', 'Cs3Ni', 'Ta2Ni', 'NiTe', 'Sc4Ni', 'Er4Ni', 'Zr3Ni', 'NiO2', 'Cr2Ni', 'NiRh', 'NiTe2', 'TlNi', 'NiIr', 'ZnNi', 'InNi', 'CaNi', 'V3Ni', 'Dy4Ni', 'NiP2', 'NiF3', 'Zr2Ni', 'NiBi', 'NiGe3', 'Zr4Ni', 'ScNi', 'Pu4Ni', 'In3Ni', 'NiPt3', 'Y4Ni', 'TaNi', 'NiSe2', 'NiS', 'NiI', 'Th3Ni', 'CrNi', 'Ni', 'NiHg', 'NiCl2', 'NiB12', 'CoNi', 'VNi', 'GaNi', 'NiCl', 'NiC', 'Mg15Ni', 'Hf2Ni', 'NiP3', 'Tm4Ni', 'Ca4Ni', 'AlNi', 'NiAu3', 'TbNi', 'Mg149Ni', 'NiBr2', 'Ti3Ni', 'Li3Ni', 'NiPt', 'NiF2', 'NiS2', 'NiAs2', 'CdNi', 'Mg2Ni', 'Fe2Ni', 'Na3Ni', 'NiPd', 'BeNi', 'NiAg3', 'Cd3Ni', 'NiH3', 'NiSb']"
Cu,Fm-3m,11.445998564977856,"['InCu', 'CuCl', 'Nd3Cu', 'Mg7Cu', 'CuAg3', 'CuPt', 'CuS2', 'NaCu', 'CuNi', 'Be2Cu', 'Ta3Cu', 'TmCu', 'CuN', 'Tl3Cu', 'CuBr2', 'Al2Cu', 'ZrCu', 'Pr3Cu', 'AlCu', 'YCu', 'SrCu', 'CuGe3', 'TbCu', 'DyCu', 'K3Cu', 'CuSn3', 'Fe3Cu', 'ZnCu', 'Zn3Cu', 'In2Cu', 'CuPd3', 'Na3Cu', 'Ce3Cu', 'EuCu', 'Ti2Cu', 'Th2Cu', 'Mg2Cu', 'CuNi3', 'CuAu3', 'TiCu', 'CuCl2', 'V3Cu', 'HoCu', 'CuRu3', 'Mn4Cu', 'Hf2Cu', 'CuS', 'SmCu', 'ErCu', 'Ga3Cu', 'Mg4Cu', 'CuAu4', 'CuTe', 'CuI', 'CuRh', 'CuAs', 'CuTe2', 'Cr3Cu', 'CuF', 'CuAu', 'Mg15Cu', 'CuPt7', 'CuSe2', 'ScCu', 'CuF2', 'Al3Cu', 'Ti3Cu', 'CaCu', 'CuO2', 'Nb3Cu', 'U3Cu', 'Np3Cu', 'Zr2Cu', 'CuSn', 'CuI2', 'Co3Cu', 'Pm3Cu', 'Be3Cu', 'Ga2Cu', 'CuH', 'CuP10', 'CuP2', 'MgCu', 'Yb3Cu', 'CuAs2', 'Mg3Cu', 'CuSe', 'BaCu', 'Li3Cu', 'GdCu', 'Zr3Cu', 'CuPb3', 'CuBi', 'CuO', 'CuPd', 'CuBr', 'CuI4', 'Sr3Cu', 'BeCu', 'CuCl4', 'Mg5Cu', 'In3Cu', 'Cu', 'CuN3']"
Zn,P6_3/mmc,28.845108913918352,"['ZnPb3', 'ZnNi', 'Zn', 'ZnF2', 'ZnTe', 'ZnAg', 'ZnPd2', 'Li3Zn', 'Mg5Zn', 'Hf2Zn', 'ZnNi3', 'ZnN6', 'Tl3Zn', 'Nd3Zn', 'ZnCo3', 'ZnSn3', 'ZnPd', 'ZnO', 'ZnFe', 'ZnSi3', 'Ba2Zn', 'ZnPd3', 'ZnS', 'Mg3Zn', 'ZnAg3', 'ZnBi3', 'Ti2Zn', 'K3Zn', 'ZnCl2', 'ZnHg3', 'ZnIn3', 'Th2Zn', 'ZnBr2', 'ZnI2', 'ZnAu3', 'Th3Zn', 'Zr2Zn', 'ZnRh3', 'Ac3Zn', 'Pr3Zn', 'ZnPt', 'Rb3Zn', 'Ca3Zn', 'ZnSe', 'ZnCu', 'U3Zn', 'Pm3Zn', 'ZnSb2', 'Sm3Zn', 'Ca2Zn', 'La3Zn', 'ZnP2', 'Ti3Zn', 'MgZn', 'Mn3Zn', 'Zr3Zn', 'Na3Zn', 'Ce3Zn', 'Mg2Zn', 'ZnAs2']"
Ga,Cmce,76.70242103705301,"['GaPd', 'GaCu3', 'GaGe3', 'Mg5Ga', 'GaCo4', 'Hf3Ga', 'SrGa', 'GaFe3', 'MgGa', 'GaNi3', 'GaNi2', 'GaSb', 'Mn3Ga', 'GaHg3', 'Mg149Ga', 'Cd3Ga', 'GaI3', 'Ce3Ga', 'GaTc', 'GaAg3', 'EuGa', 'Ti2Ga', 'K3Ga', 'GaPt3', 'GaH3', 'Tm3Ga', 'GaCo3', 'GaC', 'GaS', 'GaSi3', 'Na3Ga', 'Sc3Ga', 'GaN', 'GaCl3', 'GaBr2', 'GaSn3', 'Ti3Ga', 'ZrGa', 'Mg3Ga', 'Li3Ga', 'GaSe', 'Mg2Ga', 'GaO5', 'GaP', 'Zr2Ga', 'GaCu2', 'GaFe2', 'Mn4Ga', 'VGa', 'GaRe', 'Mg15Ga', 'GaTe', 'GaI2', 'PuGa', 'Mg7Ga', 'GaAg2', 'Hf2Ga', 'GaRh3', 'GaO3', 'GaBi', 'Ga', 'Th2Ga', 'GaAs', 'TiGa', 'Rb3Ga', 'In3Ga', 'GaPt', 'GaBr3', 'GaO', 'GaH', 'MnGa', 'GaCu4', 'GaPd3', 'GaF3', 'UGa', 'GaPb3', 'GaFe', 'Lu3Ga', 'CrGa']"
Ge,Fd-3m,45.68820923290832,"['Ni4Ge', 'Al3Ge', 'ZnGe', 'GeTe', 'CeGe', 'GeAs3', 'GeB', 'SnGe', 'Hg3Ge', 'GePd5', 'Th2Ge', 'GeRu', 'GeP2', 'GeBr4', 'Si3Ge', 'Ni2Ge', 'Be3Ge', 'Ge', 'GeSe', 'Zn3Ge', 'Mn3Ge', 'Zr3Ge', 'SiGe', 'CsGe', 'GePt2', 'GeP', 'Tl3Ge', 'Li3Ge', 'Pu3Ge', 'Fe3Ge', 'Er3Ge', 'Nb3Ge', 'KGe', 'GeBr2', 'GeSb', 'GePd2', 'Ni3Ge', 'ThGe', 'Pm3Ge', 'Ti3Ge', 'GeH4', 'Tc3Ge', 'Cd3Ge', 'GeO2', 'Mg5Ge', 'Co2Ge', 'V3Ge', 'In3Ge', 'Y3Ge', 'GeSe2', 'GeAs', 'MnGe', 'ScGe', 'GeC', 'LiGe', 'GeMo3', 'Rb3Ge', 'Tm3Ge', 'GePt3', 'CrGe', 'GeCl4', 'FeGe', 'GePb3', 'Re3Ge', 'Fe2Ge', 'Ga3Ge', 'GaGe', 'K3Ge', 'Cu3Ge', 'Cr3Ge', 'GeAs2', 'GeBi3', 'Ti2Ge', 'GeAu3', 'Ag3Ge', 'Mn2Ge', 'Na3Ge', 'GeS2', 'Mg2Ge', 'Sn3Ge', 'GeI2', 'GeI4', 'Cs3Ge', 'GeF2', 'GeF4', 'NaGe', 'MgGe', 'Pa3Ge', 'GeRh', 'GeP3', 'ZrGe', 'GeRh3', 'U3Ge', 'Ca7Ge', 'Hf2Ge', 'GeSb3', 'Co4Ge', 'Si7Ge', 'CoGe', 'Mg3Ge', 'Ca2Ge', 'Hf3Ge', 'RbGe']"
As,Cmce,98.54977227954305,"['Ho3As', 'ThAs', 'ErAs', 'Dy3As', 'Fe2As', 'AsS', 'Ta2As', 'LuAs', 'K3As', 'NpAs', 'AsPb3', 'NiAs', 'AsAu3', 'SmAs', 'DyAs', 'ScAs', 'Ba2As', 'AsH3', 'Tc3As', 'TlAs', 'As', 'AsN9', 'B6As', 'AsF5', 'YbAs', 'Sr2As', 'In3As', 'PrAs', 'TiAs', 'Cr3As', 'Ni3As', 'CeAs', 'AsF3', 'Sc3As', 'TbAs', 'YAs', 'Ag3As', 'AsO2', 'AgAs', 'Nb2As', 'CrAs', 'EuAs', 'AsI3', 'Li3As', 'NbAs', 'AsCl5', 'AlAs', 'NdAs', 'CuAs', 'Ta3As', 'Bi3As', 'Mn2As', 'Rb3As', 'Ge3As', 'NaAs', 'GdAs', 'GeAs', 'CaAs', 'Al3As', 'UAs', 'InAs', 'AsCl3', 'Cu3As', 'AsPd2', 'Cu4As', 'TaAs', 'Cu2As', 'Mg5As', 'Ti3As', 'MgAs', 'SnAs', 'SrAs', 'Cd3As', 'AsRh2', 'SbAs', 'AsPd4', 'Hf3As', 'PaAs', 'Si3As', 'Na3As', 'ZrAs', 'PuAs', 'LiAs', 'Sr3As', 'AsSe', 'AsBr3', 'Zn2As', 'SiAs', 'AsPd5', 'GaAs', 'TmAs', 'CoAs', 'Ga3As', 'LaAs', 'Np3As', 'KAs', 'Cs3As', 'Tl3As', 'Co2As', 'Cr2As', 'BAs', 'AsP', 'TeAs', 'RbAs', 'Hg3As', 'ZnAs', 'AsPt3', 'AsS2', 'Hf2As', 'V3As', 'MnAs', 'AsO3', 'Er3As', 'HoAs', 'HfAs', 'Ca2As', 'Sn3As']"
Se,P2_1/c,2135.296539085758,"['Ir3Se', 'Pd4Se', 'MnSe', 'Te3Se', 'SeCl', 'MoSe', 'NiSe', 'SeO2', 'Mg149Se', 'PbSe', 'YSe', 'Hf2Se', 'SeI2', 'RbSe', 'LuSe', 'Mo3Se', 'Zn3Se', 'BaSe', 'Na2Se', 'CaSe', 'Th3Se', 'Se', 'As2Se', 'Ga3Se', 'PSe', 'Nb2Se', 'GeSe', 'ZrSe', 'PrSe', 'SeO3', 'Ni3Se', 'SeF4', 'KSe', 'SmSe', 'NdSe', 'Nb3Se', 'HgSe', 'ErSe', 'PuSe', 'SeBr4', 'PdSe', 'P2Se', 'CsSe', 'Sn3Se', 'ThSe', 'AgSe', 'Ag2Se', 'SeS7', 'LaSe', 'Ta2Se', 'Bi2Se', 'VSe', 'TbSe', 'BiSe', 'GdSe', 'Ba3Se', 'NaSe', 'SnSe', 'Co3Se', 'MgSe', 'EuSe', 'GaSe', 'In3Se', 'SeBr2', 'CrSe', 'SeBr3', 'Zr3Se', 'FeSe', 'RhSe', 'Tb3Se', 'YbSe', 'SeS', 'Cr3Se', 'PmSe', 'Li2Se', 'ZnSe', 'Ti3Se', 'AsSe', 'DySe', 'SeN', 'CoSe', 'SrSe', 'InSe', 'Rh3Se', 'SeBr', 'Cu2Se', 'SeCl4', 'AuSe', 'CuSe', 'SeO4', 'USe', 'BeSe', 'Cs2Se', 'TiSe', 'Cd3Se', 'Hf3Se', 'CdSe', 'CeSe', 'Fe3Se', 'TmSe', 'IrSe', 'HoSe', 'ScSe', 'H2Se', 'Ag3Se', 'TeSe', 'Rb2Se', 'NpSe', 'TlSe']"
Br,Cmce,132.8423775658678,"['Ac3Br', 'BiBr', 'PbBrF', 'SnBrCl', 'AgBrO2', 'Se3Br', 'Cu4BrCl3', 'Br', 'BrN3', 'NiBrO', 'B10H13Br', 'Nd3Br', 'Rh3Br', 'ReBr', 'Te2Br', 'LuBrO', 'KBr', 'ZrBr', 'Cs2BrCl', 'BrN', 'NaBrO3', 'AcBrO', 'UBrO5', 'H7BrO3', 'GdBr', 'BrO3', 'Mn3Br', 'Fe4Se3Br', 'NdBrO', 'CaHBr', 'CBrN', 'HgSBr', 'Eu2BrO2', 'CsBr', 'BrO2', 'BrO', 'Ti3Br', 'Bi3BrO4', 'TbCBr', 'HgBrN', 'CsBrF', 'NdBrO2', 'Pr3Br', 'BrF5', 'CeBrO', 'BrN4', 'PuBrO', 'LaCBr', 'CoBr', 'EuBrO', 'RbBr', 'GdSBr', 'UBrN', 'YCBr', 'GdBrO', 'S3Br', 'Sb4BrO6', 'Mg149Br', 'CBrF2', 'UBr', 'Bi2IBr', 'CoBrO', 'TiBrO', 'CaBr', 'Mg3Br', 'CdBrO', 'LuBr', 'Bi3Se4Br', 'Tl3Br', 'LiBr', 'AgBr', 'AuBr', 'BrF3', 'BrCl', 'LaBrO2', 'La3Br', 'YBrO', 'Li2BrO', 'NaBrO2', 'V3Br', 'InBr', 'TlBr', 'H5BrO2', 'PbBrCl', 'ScBrO', 'PBr', 'Cu4I3Br', 'InI2Br', 'PH4Br', 'Zr3Br', 'ThBrN', 'Th3Br', 'SBr', 'HoBrO', 'YbBrO', 'BBr', 'RhBr', 'SmBrO', 'Ag3Br', 'SrHBr', 'Rb3BrF12', 'BrO4', 'Pu3Br', 'EuBrO2', 'ErBrO', 'PrBrO', 'SeBr', 'YbBr', 'IBr', 'H4BrN', 'GdBrO2', 'LaBrO', 'Na3BrCl2', 'NaBr', 'SmBr', 'PrBrO2', 'Ce3Br', 'GdCBr', 'BaBrF', 'SnBrF', 'BaHBr', 'Au3Br', 'SmSBr', 'HgBr', 'PrSBr', 'SbBrO', 'Cu2BrO3', 'CuBrO2', 'H9BrO4', 'SrBrF', 'HBr', 'CuBr', 'BiBrO', 'LaBr', 'TmBr', 'Pa3Br', 'TmBrO', 'TbBr', 'TbSBr', 'BrNO', 'Ba2P7Br']"
Kr,R-3m,141.71468334419296,"['Kr', 'SbKrF7', 'SbKr3F11', 'AsKrF7', 'KrF2', 'BiKrF7', 'Hg2Te4Kr3(O2F13)2', 'Sb2(KrF4)5', 'AsBrKr2OF12', 'As2Kr3F16']"
Rb,C2/c,722.1109726006154,"['RbSrCl3', 'RbN', 'RbSn3', 'RbP11', 'RbBa3', 'RbI', 'RbHg11', 'RbBiF4', 'RbGa7', 'RbYb3', 'RbO3', 'RbRe', 'RbV3O8', 'RbB', 'RbSe', 'Rb(CrS2)2', 'RbF3', 'RbHg3', 'RbU3', 'RbIn5S8', 'Rb', 'RbV5S8', 'RbAu5', 'RbNp3', 'RbIn3S5', 'RbGeCl3', 'Rb(WO3)3', 'RbLi2O3', 'CsRb', 'RbGeBr3', 'RbC2', 'RbBr3', 'RbIn4', 'RbBi3', 'RbAg3Se2', 'RbBi', 'RbH', 'RbI3', 'RbSeO4', 'RbGa3', 'RbAg4I5', 'RbC8', 'RbHO', 'RbBi2', 'RbMg', 'RbBr', 'RbS', 'RbSi', 'RbAc3', 'RbMnSe2', 'RbCa3', 'RbYb', 'RbH2N', 'RbBi3Se5', 'RbN3', 'RbBi4Se7', 'RbPr3', 'RbSnF3', 'K3Rb', 'RbHg2', 'RbSnBr3', 'RbTl3', 'RbCd13', 'RbCr5Se8', 'RbPb', 'RbPO4', 'RbO2', 'RbMnTe2', 'RbHg5Cl11', 'Rb(CO)2', 'RbP', 'RbSb', 'RbEu3', 'Rb(WO4)8', 'RbTe', 'RbTlO', 'RbSb3', 'RbZn13', 'Cs3Rb', 'RbHS', 'RbAl', 'RbAuBr3', 'RbMg7', 'RbMg15', 'RbSeBr3', 'RbCe3', 'RbTe6', 'RbTaO3', 'RbAs', 'RbSn', 'RbMg149', 'RbF2', 'RbSb2', 'RbC10', 'RbP15', 'RbF', 'RbV5Se8', 'RbAg3Te2', 'RbAu', 'RbCr3O8', 'RbMg2', 'RbCuO', 'RbSr3', 'RbNa3', 'RbGe3', 'RbC', 'RbBiF3', 'RbCl', 'RbCu3S2', 'RbO2F', 'RbMg3', 'RbSc5Te8', 'RbBe2F5', 'RbGe', 'RbAg3S2', 'Rb(CuO5)2']"
Sr,P6_3/mmc,112.86603919480832,"['SrAl2', 'SrH2', 'SrTb3', 'SrB6', 'SrBi3', 'SrMg2', 'SrGa2', 'SrMg3', 'SrC6', 'SrIn5', 'SrGa', 'Sr', 'SrPb3', 'SrH3', 'SrCu', 'SrCe3', 'SrPr3', 'SrSb2', 'SrAl4', 'SrPt2', 'SrS2', 'SrAs3', 'SrEu3', 'SrTl3', 'SrC10', 'SrRh2', 'SrIn2', 'SrP2', 'K3Sr', 'SrC2', 'SrO10', 'SrAu', 'SrPd5', 'SrPd2', 'SrP', 'SrCl2', 'SrCu5', 'SrO2', 'SrZn13', 'SrSm3', 'SrPa3', 'SrCd11', 'SrYb', 'SrS', 'SrF3', 'SrCa3', 'SrGe3', 'SrBr2', 'SrSi2', 'SrN2', 'SrO4', 'SrTl2', 'SrMg', 'Cs3Sr', 'SrN', 'SrAg5', 'SrEu', 'SrP3', 'SrMg15', 'SrZn11', 'SrPm3', 'SrPd3', 'Ba3Sr', 'SrHg2', 'SrZn2', 'SrC', 'SrGd3', 'SrAs', 'SrU', 'SrI2', 'SrCd', 'SrIn3', 'SrCl3', 'SrGe2', 'SrMg4', 'SrY', 'SrB2', 'SrYb3', 'SrGa4', 'SrC20', 'SrSn3', 'SrHg', 'SrSe', 'SrTh3', 'SrF2', 'SrMg7', 'Rb3Sr', 'SrO', 'SrAu5', 'SrNd3', 'SrF', 'SrDy3', 'SrHg3', 'SrAc3', 'SrTe', 'SrIr2', 'SrSi', 'SrPt5', 'SrCa', 'SrLu', 'SrZn5', 'SrLa3', 'SrN6', 'SrHg11', 'SrAl', 'SrMg5', 'SrBr3', 'SrTl', 'SrTb', 'SrBe13', 'SrIn4', 'SrO3', 'SrCd3', 'SrO6']"
Y,P6_3/mmc,67.55562608311241,"['YCo', 'YSe2', 'YMg15', 'YU3', 'YIr3', 'YAu2', 'YNi3', 'YMg2', 'YO3', 'YTc2', 'CsY', 'YC', 'YSi3', 'YCu', 'Ba3Y', 'YTl3', 'YIn', 'YPd3', 'YCl', 'YPu3', 'YLu3', 'YB4', 'YHo3', 'YFe3', 'YB2', 'Yb3Y', 'Pr3Y', 'YTl', 'YGa3', 'YMn2', 'Nd3Y', 'YPd2', 'YAs', 'YBr3', 'YGe2', 'YZn2', 'YC2', 'YRu2', 'LaY', 'YB6', 'Y', 'YSb2', 'YCd', 'K3Y', 'YZn12', 'Tb3Y', 'YZn', 'YMg7', 'YEr', 'YCu2', 'Gd3Y', 'Sm3Y', 'YGa2', 'YMg', 'YSn3', 'YIr', 'YTe2', 'YHo', 'Li3Y', 'YSi2', 'YCo3', 'YFe2', 'Pr2Y', 'YAs3', 'YRh', 'Ac3Y', 'YAg', 'YAu', 'YTi', 'KY', 'PrY', 'YOs2', 'Pm3Y', 'YMg3', 'YRu3', 'YNi5', 'YSb', 'SrY', 'YFe12', 'YI3', 'YCu5', 'YMn12', 'YHg3', 'YAl', 'YP', 'YAl3', 'YFe5', 'YBr2', 'YOs3', 'YF3', 'YTe', 'YH3', 'YN', 'YTm3', 'YGa6', 'Ca3Y', 'YTh', 'Ce3Y', 'YRe2', 'YO', 'YPb3', 'YIn3', 'YSi', 'YP5', 'YPt3', 'YS', 'YO2', 'Dy3Y', 'Nd2Y', 'YBi3', 'YCl3', 'YMg149', 'YSc', 'Rb3Y', 'YHg2', 'YEr3', 'YCd2', 'YSn', 'YAg3', 'YMg5', 'CeY', 'YCo5', 'YZr', 'YNp3', 'YRh3', 'YRh5', 'Eu3Y', 'YI', 'YHg', 'PmY', 'YZn5', 'YAg2']"
Zr,P6_3/mmc,46.99931887465835,"['GdZr', 'ZrSb3', 'K3Zr', 'ZrN2', 'ZrI2', 'ZrIr', 'K2Zr', 'ZrSb', 'Pm3Zr', 'ZrPt8', 'ZrNi5', 'ZrAl2', 'PuZr', 'ZrCu', 'ZrCd', 'ErZr', 'ZrBr', 'ZrAu2', 'ZrMn2', 'ZrTc2', 'ZrRu2', 'ZrHg', 'Ac3Zr', 'ZrIr3', 'La3Zr', 'ZrPt3', 'ZrH', 'Dy3Zr', 'ZrN', 'ZrAu', 'Rb3Zr', 'ZrSn', 'ZrSe', 'ZrO2', 'ZrF4', 'ZrFe2', 'ZrSn3', 'ZrBr2', 'ZrMn3', 'ZrTi3', 'ZrCr2', 'DyZr', 'ZrH2', 'ZrPd2', 'ZrBe5', 'ZrPd', 'ZrPd3', 'ZrI3', 'HfZr', 'Pr3Zr', 'ZrIn2', 'ZrO', 'ZrOs2', 'ZrSe3', 'Mg15Zr', 'ZrCu5', 'ZrCd3', 'ZrSc2', 'ZrS2', 'Pu3Zr', 'ZrRu3', 'ZrSe2', 'ZrGa', 'ZrP3', 'Eu3Zr', 'ZrB2', 'ZrTi', 'ZrPt', 'ZrNi3', 'ZrTe3', 'ZrCo3', 'SmZr', 'ZrZn3', 'ZrTe2', 'ZrOs3', 'MgZr', 'Mg3Zr', 'ZrNp3', 'TmZr', 'ZrTi2', 'Sm3Zr', 'ZrCl', 'ZrAl3', 'ZrSc', 'ZrIn', 'TbZr', 'HoZr', 'ZrAs', 'Mg149Zr', 'ZrC', 'ZrRu', 'Tb3Zr', 'ZrBr3', 'NdZr', 'ZrAg2', 'ZrTe', 'ZrS3', 'ZrBe2', 'ZrRe2', 'ZrB6', 'ZrBr4', 'PmZr', 'ZrCl3', 'ZrCu3', 'ZrIn3', 'Yb3Zr', 'Na3Zr', 'ZrRh', 'ZrCl4', 'Sr3Zr', 'LuZr', 'ZrS', 'ZrHg3', 'ZrP', 'ZrCl2', 'ZrU3', 'Ho3Zr', 'ZrSi', 'ZrB', 'ZrOs', 'Zr', 'ZrV2', 'YZr', 'Mg7Zr', 'Nd3Zr', 'ZrI4', 'ZrAg', 'ZrGa3', 'ZrPb']"
Nb,Im-3m,18.258066615716924,"['Be2Nb', 'NbSe3', 'NbS2', 'NbC', 'NbTe4', 'Ti3Nb', 'ScNb', 'K3Nb', 'NbP', 'Na3Nb', 'Sr3Nb', 'NbPd', 'NbPt4', 'NbCr2', 'NbRh2', 'Be12Nb', 'NbNi', 'NbH2', 'Rb3Nb', 'U3Nb', 'Mg149Nb', 'NbH4', 'NbPt3', 'NbCo2', 'NbB2', 'NbRh3', 'NbZn3', 'NbH', 'NbI3', 'Be3Nb', 'NbAu2', 'NbO2', 'NbO', 'NbBr4', 'Ac3Nb', 'NbFe2', 'NbBr5', 'NbSb', 'NbGe2', 'NbTe', 'NbFe', 'NbCo3', 'NbOs3', 'NbAs', 'Pa3Nb', 'NbF3', 'La3Nb', 'Mg15Nb', 'NbAs3', 'NbCd3', 'NbI4', 'NbRh', 'NbAs2', 'NbGa3', 'NbF4', 'NbRu3', 'NbIr', 'Mg3Nb', 'NbI5', 'Mg7Nb', 'NbN', 'NbSb2', 'Eu3Nb', 'NbCo', 'NbCl5', 'NbPd4', 'Pr3Nb', 'NbS3', 'NbFe3', 'NbZn2', 'NbPt2', 'Ba3Nb', 'NbS', 'NbCl4', 'NbSe2', 'NbRu', 'NbCr3', 'NbTe2', 'Yb3Nb', 'NbO3', 'NbAl3', 'Nb', 'NbSe4', 'Li3Nb', 'NbPd3', 'Mn2Nb', 'NbP2', 'NbNi3', 'Th3Nb', 'NbNi2', 'NbIr3', 'Sc3Nb', 'NbAu4', 'NbSn3', 'NbF5', 'NbSi2']"
Mo,Im-3m,15.89162790660502,"['MoP3', 'TeMo', 'Zn6Mo', 'MoSe', 'MoF4', 'MoCl4', 'MoRh3', 'MoPb', 'Si3Mo', 'Yb3Mo', 'MoO2', 'Be13Mo', 'Fe2Mo', 'MoCl5', 'Al12Mo', 'K3Mo', 'Ge2Mo', 'Sn2Mo', 'Eu3Mo', 'MoPb3', 'MoPt', 'Fe3Mo', 'Li3Mo', 'MoF6', 'Na3Mo', 'MoS3', 'MoF5', 'Sb3Mo', 'MoIr4', 'Al3Mo', 'Mg15Mo', 'MoO5', 'MoBr3', 'Ni3Mo', 'MoIr', 'MoRh', 'Zn7Mo', 'MoO3', 'MoN', 'MoH', 'Th3Mo', 'MoP2', 'B4Mo', 'Te2Mo', 'Ge3Mo', 'MoC', 'V3Mo', 'VMo', 'MoAs2', 'Ba3Mo', 'Si2Mo', 'MoRu3', 'B2Mo', 'CoMo', 'Sr3Mo', 'MoS2', 'Al5Mo', 'Mg149Mo', 'MoPd4', 'BMo', 'UMo', 'Zr4Mo', 'MoPt3', 'MoP', 'MoP4', 'Be22Mo', 'Co3Mo', 'B3Mo', 'Rb2Mo', 'Sn3Mo', 'MoPd3', 'Rb3Mo', 'MoO4', 'MoF3', 'SiMo', 'Tc3Mo', 'Be12Mo', 'Mg7Mo', 'MoIr3', 'Fe4Mo', 'MoI3', 'MoPd', 'Ac3Mo', 'MoSe2', 'MoCl3', 'Mo', 'MoN2', 'MoOs', 'Re3Mo', 'Pa3Mo', 'U2Mo', 'Bi3Mo', 'MoCl6', 'MoRu', 'Be2Mo', 'Hf4Mo', 'Mg3Mo']"
Tc,P6_3/mmc,28.503381002021815,"['Hf2ZnTc', 'EuTcO3', 'Hf2TcPd', 'TcNi', 'Eu3Tc', 'K2Tc', 'CoTc', 'Rb2TcCl6', 'TcI4', 'Ta2TcOs', 'Zr2TcNi', 'NbTc', 'BaTcO3', 'Hf2TcNi', 'TcO3F', 'Nb2ReTc', 'Th2CuTc', 'Mg3TcH7', 'K2Tl6Tc', 'TlTcIr2', 'Er2MgTc', 'Ga3Tc', 'Zr2TcRu', 'TaTc', 'SiTc', 'TaTcPb2', 'TcSnO3', 'Ti2FeTc', 'K2TcH9', 'YbTcO3', 'Al3Tc', 'GaTc', 'TcB', 'TcMo', 'Zr2TcIr', 'KTcO2', 'Cs2TcF6', 'Tc(Br3N)2', 'Er2CuTc', 'TlTcO3', 'TcBr3', 'TcSnSe', 'NaTcO3', 'PuTcB2', 'TcAs3', 'TcNiW', 'MnAlTc', 'TcN2', 'SrTcO3', 'Er2TcAg', 'U2Tc', 'HfTc', 'Ti2AlTc', 'TcOF4', 'CuTcBi', 'Ti2MnTc', 'Nb2TcOs', 'LaTcN3', 'Cs2TcCl6', 'TcW2C', 'CaTcN3', 'TcNO2', 'Tc(ClO)6', 'MnTcOs', 'TcPt3', 'Zn7Tc', 'Tc(NCl3)2', 'TcF3', 'Al12Tc', 'TcRh', 'Al2TcPd', 'Tc(NF3)2', 'TcRu', 'CaTaTc', 'Lu2CdTc', 'TcCl3', 'TcBi3O8', 'Nb2TcRu', 'Re3Tc', 'TcAg3', 'TcN', 'Cs2TcI6', 'Zr2FeTc', 'Na3Tc', 'ZnTcMo', 'LiTcO3', 'Mg16Al12Tc', 'Ti2BeTc', 'TcGe3', 'TcW', 'ZrTcCl', 'ReTc', 'Sc2ZnTc', 'NpTcO3', 'TcP3', 'Rb3Tc', 'TcP4', 'Li3Tc', 'Sc2GaTc', 'YTcN3', 'TcIr3', 'Pa3Tc', 'TcIrOs', 'KTcO3', 'Ho2ZnTc', 'Tc(CO)5', 'K2TcCl6', 'Tc', 'UTcO3', 'TcCl4', 'MnTcPd', 'Ho2MgTc', 'Mg3Tc', 'SrTcN3', 'Li2TcO3', 'TcOs3', 'VTc', 'TcF4', 'TiTc', 'CaTcO3', 'Zr2CuTc', 'K2TcI6', 'TcRh3', 'TcBr4', 'Ta2ReTc', 'TcB4', 'Tm2TcAg', 'K2TcBr6', 'TlTcO2', 'Be13Tc', 'TcO2F3', 'Zr2TcOs', 'TcRu3', 'Hf2TcIr', 'Rb2TcI6', 'Hf2CuTc', 'Al6Tc', 'CrTcO3', 'TcF6', 'Sr2TcO4', 'Tc(I3O)2', 'TcIr', 'Nb2Tc', 'TcAgO2', 'Ta2TcRu', 'TcO2', 'Be3Tc', 'MnAl2Tc', 'TcPt', 'Sc3Tc', 'Ti2GaTc', 'Al4Tc', 'Na2TcF6', 'TcS2', 'K2TcF6', 'Zr2TcRh', 'Tc(Br3O)2', 'LiTh2Tc', 'K3Tc', 'TcC', 'BeTcSe', 'Mg149Tc', 'TcB2', 'TlZn2Tc']"
Ru,P6_3/mmc,27.10235367049707,"['Y2Ge2Ru', 'Te2Ru', 'Pr4Ru', 'P2Ru', 'Nb3Ru', 'RuF3', 'NiSb6Ru', 'RuO2', 'B2Ru', 'Mo2RuSe4', 'Pr3RuBr3', 'GaRu', 'BRu', 'RuO4', 'KRuN', 'RuF6', 'SbRu', 'SbAsRu', 'Ru(IN3)2', 'Co4Ru', 'Yb2Ru', 'K3Ru', 'V4Ru', 'YbRu', 'Al6Ru', 'Sc3RuC4', 'GeRu', 'Dy3Ru', 'Be3Ru', 'HfRu', 'ThSi3Ru', 'Ni4Ru', 'Y3Ru', 'CrRu', 'CeSi3Ru', 'LuRu', 'TaRu', 'Ba3RuF6', 'Al3Ru', 'Sm4Ru', 'Zn3Ru', 'NiRu', 'Be2Ru', 'Tc3Ru', 'RuF5', 'As2Ru', 'Tb3Ru', 'FeRu', 'K3RuF6', 'RuRh', 'Nd3Ru', 'Ir3Ru', 'ScRu', 'Rb3Ru', 'PRu', 'NdSi3Ru', 'Co3Ru', 'Sb2Ru', 'P3Ru', 'Na3Ru', 'Tm3Ru', 'Y3RuI3', 'RuN', 'Sn3Ru', 'RuC', 'Pu3Ru', 'Ga2Ru', 'Si4P4Ru', 'LaSi2Ru', 'Ce4Ru', 'Th4Ru', 'Mo2Ru', 'Rb3RuF12', 'Er3Ru', 'OsRu', 'Mo4Ru', 'Ho3Ru', 'RuW', 'Ta3Ru', 'RuRh3', 'SiRu', 'RuCl3', 'LaGe3Ru', 'TcRu', 'RuAu3', 'MnRu', 'AsPRu', 'RuRh4', 'Cr3Ru', 'Cd4RuN4', 'IrRu', 'Na3RuO4', 'Ce3Ru', 'Li7RuO6', 'Pr2Ge2Ru', 'Zn6Ru', 'Mg3Ru', 'AsRu', 'TiRu', 'Sc2Si2Ru', 'La3RuI3', 'Nd4Ru', 'ThRu', 'Pr3Ru', 'Nd2Ge2Ru', 'Er3RuI3', 'RuBr3', 'Pr3RuI3', 'Ru(N2Cl)3', 'In3Ru', 'AlRu', 'RuN2', 'ZrRu', 'Sn2Ru', 'RuF4', 'Cu3Ru', 'NbRu', 'Er2Ge2Ru', 'Al2Ru', 'Tl3Ru', 'NaRuO2', 'NdSi2Ru', 'Si3Ru', 'Lu3Ru', 'Be8Ru', 'Nd3RuO7', 'Al12Ru', 'Dy2Ge2Ru', 'PuRu', 'VRu', 'Ga3Ru', 'PdRu', 'Mg2Ru', 'P4Ru', 'Sm3Ru', 'Re3Ru', 'Ru', 'La4Ru', 'RuSe2', 'CoRu', 'CeSi2Ru', 'Te4Mo2Ru', 'RuPt', 'LaSi3Ru', 'Ho2Ge2Ru', 'Ag3Ru', 'La3Ru', 'K3RuF12', 'MoRu', 'Mg149Ru', 'V3Ru', 'Ti4Ru', 'PrSi2Ru', 'RuS2', 'Nb2Ru', 'Si2Ru', 'RuI']"
Rh,Fm-3m,13.782780337825384,"['As3Rh', 'Er3Rh', 'VRh', 'Hg2Rh', 'Ba4Rh', 'RhSe2', 'Zr3Rh', 'RhBr3', 'Bi3Rh', 'GdRh', 'RhS', 'Sm4Rh', 'Ag3Rh', 'RhI3', 'Sb3Rh', 'SbRh', 'Dy3Rh', 'Yb4Rh', 'Tc3Rh', 'Te2Rh', 'Sn2Rh', 'Bi4Rh', 'Ge4Rh', 'HoRh', 'Ca2Rh', 'RhO3', 'Re3Rh', 'Pu4Rh', 'As2Rh', 'Mg3Rh', 'HRh', 'Tm4Rh', 'Cu3Rh', 'LiRh', 'RhPb2', 'Ge3Rh', 'PdRh', 'In3Rh', 'Pd3Rh', 'RhS2', 'ScRh', 'RuRh', 'SnRh', 'Zn13Rh', 'RhF6', 'Ho4Rh', 'InRh', 'K3Rh', 'IrRh', 'MoRh', 'YbRh', 'Sr4Rh', 'Fe3Rh', 'CrRh', 'RhF3', 'Be3Rh', 'Zn3Rh', 'HfRh', 'SmRh', 'AgRh', 'Sm3Rh', 'Mg149Rh', 'Ca5Rh', 'Dy4Rh', 'RhC', 'Ni3Rh', 'CuRh', 'V3Rh', 'Cr3Rh', 'TcRh', 'CeRh', 'NiRh', 'AlRh', 'ThRh', 'RhN2', 'Bi2Rh', 'MgRh', 'NbRh', 'Er4Rh', 'Ir3Rh', 'Sn3Rh', 'YRh', 'Sr2Rh', 'Y4Rh', 'RhCl2', 'SiRh', 'Co3Rh', 'ZnRh', 'AsRh', 'FeRh', 'Nd4Rh', 'RhI2', 'RhN3', 'MnRh', 'RhSe', 'Na3Rh', 'Ca4Rh', 'Hg3Rh', 'La4Rh', 'Tb4Rh', 'Rh', 'Tb3Rh', 'Pr4Rh', 'Ga3Rh', 'RhBr', 'RhPb', 'Sb2Rh', 'PtRh', 'DyRh', 'Pt3Rh', 'LuRh', 'Rb3Rh', 'Li3Rh', 'BeRh', 'GaRh', 'Y3Rh', 'Mg2Rh', 'P3Rh', 'Mn3Rh', 'RhN', 'Eu3Rh', 'TbRh', 'Th3Rh', 'Nb3Rh', 'ZrRh', 'Hf2Rh', 'RhCl3', 'Ti2Rh', 'P2Rh', 'RhF5', 'Ru3Rh', 'Sn4Rh', 'RhI', 'TeRh', 'BiRh', 'ErRh', 'GeRh', 'TmRh', 'LaRh', 'Zr2Rh', 'Lu4Rh', 'RhO2', 'CoRh', 'BRh', 'TiRh']"
Pd,Fm-3m,15.02799459406926,"['PdN2', 'Ti2Pd', 'GaPd', 'Be3Pd', 'SbPd', 'MnPd', 'LaPd', 'PdBr2', 'HPd', 'Ba2Pd', 'ScPd', 'TaPd', 'NbPd', 'Rb3Pd', 'As2Pd', 'SiPd', 'CoPd', 'Al2Pd', 'Fe3Pd', 'HoPd', 'Fe2Pd', 'PdRh', 'TbPd', 'K2Pd', 'Sm3Pd', 'PdPb3', 'Ba4Pd', 'PdF2', 'Sr2Pd', 'LiPd', 'In3Pd', 'PdC', 'TiPd', 'TePd', 'AgPd', 'Te2Pd', 'PdN', 'PdSe', 'Tl2Pd', 'Ca3Pd', 'HgPd', 'CaPd', 'ZrPd', 'PdS3', 'Ti3Pd', 'PdPb2', 'Pd', 'Ge3Pd', 'Yb3Pd', 'Zn3Pd', 'Hf2Pd', 'Pm3Pd', 'PuPd', 'Re3Pd', 'PdPt3', 'V3Pd', 'YbPd', 'Sr4Pd', 'PdI2', 'Be5Pd', 'CrPd', 'TmPd', 'Th2Pd', 'Rb2Pd', 'Mo3Pd', 'Ga5Pd', 'Zr2Pd', 'Ca4Pd', 'FePd', 'Be12Pd', 'AlPd', 'PdPb', 'HfPd', 'Zn2Pd', 'ThPd', 'Sn2Pd', 'Mg5Pd', 'PdW', 'Hg3Pd', 'Mg149Pd', 'PdPt', 'P2Pd', 'P3Pd', 'Cd3Pd', 'PdF4', 'Ta3Pd', 'PdO2', 'Mg3Pd', 'IrPd', 'MgPd', 'GePd', 'BePd', 'PdF3', 'BaPd', 'Mg2Pd', 'Sb2Pd', 'Li2Pd', 'PdO', 'PdRu', 'Al3Pd', 'ZnPd', 'MoPd', 'LuPd', 'PdAu', 'Cu3Pd', 'Ti4Pd', 'Y3Pd', 'Sc2Pd', 'Eu4Pd', 'Na3Pd', 'CuPd', 'K3Pd', 'PdSe2', 'SnPd', 'Bi2Pd', 'Ag3Pd', 'Co2Pd', 'Zr4Pd', 'Nd3Pd', 'Eu3Pd', 'PdCl2', 'BiPd', 'Li3Pd', 'NiPd', 'PdAu3', 'ErPd', 'DyPd', 'InPd', 'PdS2', 'Tc3Pd', 'Pr3Pd', 'CdPd']"
Ag,P6_3/mmc,69.45695019121693,"['AgCl', 'AgI', 'AgBrO2', 'LiAg', 'Nd3Ag', 'SrAg', 'Ga3Ag', 'MgAg', 'AgO2', 'Al3Ag', 'AgTe3', 'Hf3Ag', 'ScAg', 'AgTe', 'Tl3Ag', 'Li2AgF5', 'AgSn3', 'AgP15', 'AgPt4', 'AgHg', 'AgN3', 'HoAg', 'AgGe3', 'AgSe5', 'AgI2', 'Gd3Ag', 'V3Ag', 'HfAg', 'Fe3Ag', 'YbAg', 'AgN', 'In3Ag', 'AgPt3', 'TiAg', 'La3Ag', 'Be2Ag', 'AgAs', 'Zn3Ag', 'FeAg', 'AlAg', 'YAgSe2', 'Zn2Ag', 'Cd3Ag', 'CeAg', 'AgPd', 'SmAg', 'Tb3Ag', 'AgF3', 'EuAg', 'AgAu3', 'Li3AgF4', 'Si3Ag', 'AgRh', 'PrAg', 'Zr2Ag', 'Ac3Ag', 'AgSe', 'CaAg', 'AgPb3', 'Ti3Ag', 'K3Ag', 'Ni3Ag', 'Eu3Ag', 'AgBr', 'AgClO2', 'NdAg', 'AgSbO3', 'ZnAg', 'Rb3Ag', 'Li3Ag', 'YAg', 'ErAg', 'DyAg', 'Th2Ag', 'AgH', 'AgC6', 'AgP2', 'Pm3Ag', 'AgPt', 'Sm3Ag', 'Zn4AgN3', 'Zr3Ag', 'Mg2Ag', 'AgF2', 'Ti2Ag', 'AgHg3', 'K2Ag', 'Mg149Ag', 'AcAg', 'GaAg', 'AgAu', 'TmAg', 'BaAg', 'In2Ag', 'AgIr', 'TbAg', 'Ag', 'GdAg', 'CdAg', 'AgO', 'Na4Ag', 'LaAg', 'AgB2', 'AgC', 'Hf2Ag', 'Mg3Ag', 'Sr3Ag', 'AgF', 'Ce3Ag', 'Mg5Ag', 'Na3Ag', 'Pr3Ag', 'Cu3Ag', 'Ca3Ag', 'Be12Ag', 'InAg', 'Yb3Ag', 'ZrAg']"
Cd,P6_3/mmc,44.61503857901331,"['Ti2Cd', 'CdPb3', 'CdGe3', 'K3Cd', 'Mg2Cd', 'UCd', 'CdH', 'Hf2Cd', 'Rb3Cd', 'CdHg3', 'Mg5Cd', 'Li3Cd', 'CdPd3', 'CdAu3', 'CdI2', 'CdAu', 'Mg3Cd', 'CeCd', 'Zr3Cd', 'Th3Cd', 'Tl3Cd', 'CdSe', 'TiCd', 'Pr3Cd', 'ZrCd', 'CdAg', 'Na3Cd', 'Ac3Cd', 'Zr2Cd', 'Np3Cd', 'Ba2Cd', 'Sm3Cd', 'MgCd', 'CdPt', 'CdSn3', 'CdP4', 'Cd', 'CdBr2', 'CdS', 'Zn3Cd', 'CdBi3', 'CdO', 'CdHg2', 'CdCl2', 'HfCd', 'CdPt3', 'Ce3Cd', 'Pm3Cd', 'CdO2', 'CdTe', 'Nd3Cd', 'CdPd', 'CdAg3']"
In,Fm-3m,26.392514730548744,"['InCu', 'Er3In', 'InS2', 'InBi', 'InAu3', 'SmIn', 'Li3In', 'Dy3In', 'InP3', 'Mg2In', 'InP', 'YIn', 'InN', 'Rb3In', 'InTc3', 'InRu3', 'K3In', 'InHg', 'Sc3In', 'Np3In', 'Mg5In', 'InSn3', 'Nb3In', 'Ac3In', 'Zr3In', 'CdIn', 'Mg149In', 'TlIn', 'InCl', 'DyIn', 'TiIn', 'Nd2In', 'InRh', 'Er2In', 'Ti3In', 'InCu2', 'Tb3In', 'InPt', 'InAg4', 'Tm3In', 'Ce3In', 'ScIn', 'InPb', 'InHg3', 'Ce2In', 'Y2In', 'InC', 'InCu3', 'InSb', 'ThIn', 'InCl3', 'InC3', 'Sm3In', 'InGa3', 'Y3In', 'Sc2In', 'PuIn', 'In', 'La3In', 'Ho3In', 'InBr3', 'InF3', 'InC6', 'InPt2', 'NdIn', 'GdIn', 'InNi', 'InAs', 'Tm2In', 'PrIn', 'InN3', 'InH', 'LuIn', 'InAg3', 'Na3In', 'InRh3', 'La2In', 'InPt3', 'InNi2', 'Tl3In', 'Pu3In', 'Th3In', 'Mn3In', 'InGe3', 'CaIn', 'HoIn', 'Mg3In', 'InS', 'Gd3In', 'Na2In', 'InI3', 'ZrIn', 'InSb3', 'Nd3In', 'Gd2In', 'Lu3In', 'Tb2In', 'Ti2In', 'InNi3', 'LaIn', 'InTe', 'InSe', 'TmIn', 'Dy2In', 'U3In', 'YbIn', 'Ho2In', 'EuIn', 'Pr2In', 'Cd3In', 'Th2In', 'Lu2In', 'InSe2', 'Sm2In', 'MgIn', 'Ca3In', 'ErIn', 'Zn3In', 'Eu3In', 'InBi3', 'InAg', 'InPd3', 'InO', 'InPd', 'Pr3In']"
Sn,Fd-3m,70.8975063415447,"['SnGe3', 'SnF3', 'SnO2', 'Al3Sn', 'Zn3Sn', 'USn', 'SnF2', 'SnAu3', 'Tc3Sn', 'SnPt', 'In3Sn', 'SnPb3', 'Ce3Sn', 'SnCl4', 'Hf3Sn', 'SnGe', 'Tl4Sn', 'Mg2Sn', 'CoSn', 'MnSn', 'Mg15Sn', 'Fe3Sn', 'Sc3Sn', 'SnF4', 'SnTe', 'Na2Sn', 'ZrSn', 'TlSn', 'SnRh', 'Mg3Sn', 'Ni3Sn', 'SnAu', 'Tl3Sn', 'LiSn', 'NaSn', 'SnCl2', 'SnO', 'Sn', 'Ca3Sn', 'SnBr2', 'HfSn', 'Re3Sn', 'Mg7Sn', 'KSn', 'Zr2Sn', 'Zr5Sn', 'Co2Sn', 'Mn2Sn', 'SnAs3', 'Lu3Sn', 'SnSe', 'Er3Sn', 'SnSe2', 'SnP3', 'SnCl', 'Fe2Sn', 'SiSn', 'Ga3Sn', 'SnP', 'SnI2', 'SnH4', 'SnBi', 'CuSn', 'SnPb', 'SnSb', 'SnI3', 'Y3Sn', 'ScSn', 'Ag3Sn', 'SnPd3', 'Eu3Sn', 'Na3Sn', 'Cu3Sn', 'Tm3Sn', 'Co3Sn', 'Mg149Sn', 'SnI4', 'Mn3Sn', 'Zr3Sn', 'MgSn', 'Ti2Sn', 'Ti3Sn', 'V3Sn', 'Yb2Sn', 'SnIr3', 'AlSn', 'SnBi3', 'SnB', 'SnRh3', 'SnS2', 'SnB6', 'RbSn', 'SnAu5', 'FeSn', 'SnIr', 'SnHg3', 'CsSn', 'YSn', 'SnBr4', 'SnC', 'CdSn', 'SnS', 'Mg5Sn']"
Sb,R-3m,62.881010949113254,"['SbF4', 'Sr2Sb', 'SbPd', 'SbIr', 'VSb', 'K3Sb', 'ZrSb', 'Mg5Sb', 'Sb', 'TmSb', 'GaSb', 'USb', 'Sc2Sb', 'PrSb', 'Ho3Sb', 'BSb', 'SbI3', 'Zn3Sb', 'Ce2Sb', 'SbBr3', 'SbH3', 'Li3Sb', 'Bi3Sb', 'Ag3Sb', 'Sm2Sb', 'Ca2Sb', 'SbF6', 'Mg3Sb', 'SbF5', 'Cu2Sb', 'Zr2Sb', 'SbAu3', 'KSb', 'NiSb', 'SbS2', 'SbN9', 'Mg149Sb', 'NbSb', 'CsSb', 'Tl3Sb', 'Ge3Sb', 'CrSb', 'SbPd3', 'GeSb', 'InSb', 'Mg7Sb', 'Nd2Sb', 'Pr2Sb', 'PuSb', 'BiSb', 'Rb3Sb', 'Cu3Sb', 'SbPb3', 'Li2Sb', 'CeSb', 'MnSb', 'SbPb4', 'Mg2Sb', 'MgSb', 'DySb', 'SbCl5', 'Hg3Sb', 'Mn3Sb', 'HfSb', 'LuSb', 'Mn2Sb', 'In3Sb', 'Y3Sb', 'NpSb', 'La2Sb', 'SbO3', 'SbPt3', 'Ti3Sb', 'SbAs', 'SnSb', 'YSb', 'Eu3Sb', 'Ti2Sb', 'Sc3Sb', 'RbSb', 'Nb2Sb', 'HoSb', 'FeSb', 'TlSb', 'LaSb', 'Ni3Sb', 'SbRh3', 'SbTe2', 'Mg15Sb', 'CoSb', 'SbS', 'ThSb', 'SbO2', 'Na3Sb', 'ErSb', 'Ba3Sb', 'TiSb', 'AlSb', 'SbPt', 'Ba2Sb', 'SbTe', 'Fe3Sb', 'ScSb', 'Pa3Sb', 'NaSb', 'Sn3Sb', 'SbN', 'NdSb', 'Ga3Sb', 'In2Sb', 'Zr3Sb']"
Te,P3_121,108.19281571621227,"['TeMo', 'Nb3Te', 'Ti3Te', 'TiTe', 'BaTe', 'TeO4', 'TeAs2', 'GeTe', 'TeI7', 'TlTe', 'Ba3Te', 'MgTe', 'BeTe', 'BiTe', 'Lu8Te', 'VTe', 'K2Te', 'Mn3Te', 'LuTe', 'Co3Te', 'UTe', 'TeI2', 'GdTe', 'SnTe', 'TeO3', 'TeI', 'TeBr4', 'KTe', 'ThTe', 'YbTe', 'TeN2', 'Ag2Te', 'Mg5Te', 'Sb2Te', 'Hf2Te', 'Zr3Te', 'TeBr2', 'HgTe', 'SmTe', 'TeMo6', 'TePd', 'NiTe', 'NbTe', 'TbTe', 'Bi2Te', 'MnTe', 'TePd4', 'CuTe', 'Li3Te', 'TeBr6', 'Cu2Te', 'EuTe', 'TeO6', 'TeCl4', 'TeS3', 'Cd3Te', 'ScTe', 'Pa3Te', 'Sc3Te', 'ZnTe', 'Ga3Te', 'TeF4', 'NpTe', 'Cu3Te', 'TePt', 'Ge3Te', 'NdTe', 'Eu3Te', 'PrTe', 'TmTe', 'TeI4', 'GaTe', 'TePb3', 'LaTe', 'Ni3Te', 'Tl2Te', 'ReTe', 'YTe', 'InTe', 'TePd3', 'RbTe', 'ZrTe', 'Fe3Te', 'FeTe', 'TeIr', 'Sn3Te', 'PuTe', 'Mg149Te', 'TePb', 'SrTe', 'TeAs', 'CoTe', 'Te', 'TeO', 'Tb3Te', 'Mg3Te', 'Tc3Te', 'TeRh', 'CaTe', 'SbTe', 'CeTe', 'TeSe', 'ErTe', 'CrTe', 'TeF6', 'CdTe', 'TeO2', 'Rb2Te']"
I,Cmce,174.11598837963092,"['Ag4SI', 'AgI', 'LuIO', 'Na5IO6', 'RbI', 'SbTeI', 'PrIO', 'I', 'K3IO5', 'IN2', 'Bi5IO7', 'TbIO9', 'LaCI', 'HgI', 'NaIO2', 'HI', 'NpIO', 'Ag2IO5', 'Rb2IN3', 'Pm3I', 'Sb4IO6', 'Ta3Se12I', 'Mg16Al12I', 'Te7As5I', 'HoIO9', 'TeI', 'SmI', 'ICl', 'SrIF', 'Mg149I', 'IF3', 'IBr2', 'Co5Sb15I', 'Pr3I', 'BiIO', 'Mo3I', 'IF5', 'CdIO9', 'Pd3I', 'Gd3I', 'H5IO6', 'KI', 'CuI', 'PuIO', 'PmI', 'IO6', 'TmIO', 'NaI', 'Ce3I', 'Bi2IBr', 'Pu2IO10', 'Cu2IO3', 'Ba2P7I', 'LaI', 'H4IN', 'ScIO', 'CIF5', 'Co3I', 'KIO3', 'NdIO', 'TePdI', 'ICl2', 'IF7', 'SrHI', 'Mn3I', 'SmIO9', 'IO3', 'CsI', 'Zr3I', 'VIO4', 'CaHI', 'BiI', 'Ag3SI', 'Nd3I', 'YCI', 'YIO', 'PH4I', 'CI', 'LiIO', 'Ac3I', 'Sm3I', 'LiI', 'AuI', 'Pb2IO2', 'LaIO', 'YIO9', 'IN5', 'PICl6', 'BaIF', 'ICl3', 'Ca2PI', 'NiI', 'LiIO5', 'Te2I', 'ThIN', 'C3IN', 'IN4', 'IrI', 'InI', 'Cs3I', 'UIN', 'Nb3Se12I', 'IBr', 'KIO2', 'Ni3I', 'TlI', 'EuIO', 'Hf3I', 'IO2', 'BaHI', 'B5I', 'CaI', 'IN', 'HoIO', 'Tc3Se4I', 'Sb3IO4', 'B10H13I', 'HIN2', 'RhI', 'PbIF', 'VIO7', 'TiI', 'Sm2IO2', 'Nb3I', 'SmIO', 'LaIO3', 'NaIO4', 'YI', 'Pu3I', 'VI', 'Bi4I', 'Ru3I', 'IN3', 'RuI']"
Xe,R-3m,85.78650724921306,"['OsXeO3F8', 'Te4Xe(OF5)4', 'ZnSb2(XeF4)6', 'Na4XeO12', 'CrXeF10', 'XeIF7', 'MgAs2(XeF5)4', 'Hg2Te4Xe3(O2F13)2', 'BaAs2Xe5F22', 'CuSb2(XeF8)2', 'AsXeF7', 'CuSb2(XeF5)4', 'HgAs2Xe5F22', 'Fe4AgAs(XeF3)2', 'AsXe(OF2)3', 'AsXe2O4F9', 'AsXeO2F7', 'Sb3Au2Xe2F19', 'Sb4Xe2F19', 'XeO3', 'ZnSb3XeF23', 'SbXeOF9', 'S2Xe(O3F)2', 'AsXe2F9', 'SrP2(XeF6)3', 'Re4Xe3(O5F7)2', 'Sb2XeF16', 'Ni(XeF7)4', 'SrAs2(XeF6)3', 'BaSb2Xe5F22', 'AsSXeNF10', 'Cs2Xe(BrF7)4', 'Te2Xe(O2F5)2', 'Hg2Sb7H2Xe3F59', 'Sb2XeF15', 'AsXe2BrOF12', 'Cr4Xe5F44', 'TcXeO4F5', 'Os2Xe(O3F5)2', 'Cr2XeF10', 'Sb2XeF13', 'Na4W8XeO6', 'HgP2Xe5F22', 'P2Pb(XeF6)3', 'RuXeF11', 'XeN2(OF4)2', 'SbIrXeF12', 'HXeF7', 'XeNO3F', 'TeAsXeO2F11', 'PtXeF11', 'HXe2F15', 'BiXeF9', 'CuSb3XeF23', 'CdP2Xe5F22', 'Fe4AgP(XeF3)2', 'Xe2NO2F13', 'CaP2Xe5F22', 'Fe4AgXeF5', 'SbXe2OF15', 'VXe2F17', 'AgP(XeF5)2', 'Xe', 'Sb2XeF14', 'OsXe2O3F14', 'SbXeF9', 'XeF3', 'KXeO3F', 'AuXe2F17', 'HXeNO3F2', 'BC6XeF11', 'Xe(OF)2', 'Sb2XeF12', 'MgAs2(XeF9)2', 'CdB2XeF10', 'WXeOF6', 'Sb3S2XeN(O2F9)2', 'BiXeF7', 'AsS2XeN2F13', 'SbXeF11', 'CuSb2(XeF4)6', 'GeXeF10', 'Ca2As4Xe5F34', 'AuXeF9', 'H42C48Xe(ClO2)3', 'Sb2AsAuXeF14', 'Sb4Au(Xe2F11)2', 'Sb2XeClF11', 'S2XeNO4F3', 'SbTe7SXeCl(OF4)9', 'XeNO2F5', 'NbXeF11', 'K2Na2H16XeO14', 'CsXe3O3F13', 'XeF2', 'OsXe(O2F3)2', 'Ca2As4(Xe3F14)3', 'Te2Xe(OF5)2', 'CsXeF7', 'As2Pb(XeF6)3', 'XeF6', 'MnSb3XeF23', 'Pd(XeF8)2', 'Bi2XeF12', 'Ni(XeF8)2', 'HgSb2Xe5F22', 'Sb3Au(XeF9)2', 'Sb5(XeF20)2', 'P6Pb3Xe11F58', 'CrXeF6', 'AgXeF9', 'SbXe2F9', 'CdAs2(XeF5)4', 'XeF4', 'SXeO3F2', 'AgAs(XeF5)2', 'CaAs2(XeF5)4', 'K4XeO15', 'MgSb3XeF23', 'BC10XeF17', 'HgSb3XeF17', 'TeAsHXeNF11', 'BaP2(XeF5)4', 'LiAs(XeF4)3', 'AsXe2OF10', 'BaRu2Xe5F22', 'AsXeF11', 'BaNb2Xe5F22', 'Nd2As6Xe5F46', 'CoSb3XeF23', 'Sb2Au(XeF6)2', 'RuXeF7', 'SbXeF7', 'Na4XeO14', 'MgAs2(XeF8)2', 'AsSXe2(OF3)3', 'NiSb3XeF23', 'SbXeO2F7']"
Cs,I4/mmm,983.1042254716456,"['CsAc', 'CsV5Se8', 'CsMg15', 'CsPb2Cl5', 'CsC8', 'CsB', 'CsIn5S8', 'Cs(CO)2', 'CsPr3', 'CsTh', 'CsAc3', 'CsMg7', 'CsNdTe4', 'CsY', 'CsEu3', 'CsPm', 'CsHo3', 'CsU2F9', 'CsAl', 'CsV5S8', 'CsMg6Nb', 'CsK2', 'CsBa3', 'CsO3', 'CsAuC2', 'CsYb3', 'CsLi3F4', 'CsBeH3', 'CsTaN2', 'CsP7', 'CsSnF3', 'Cs(Bi2Te3)2', 'CsCrCl3', 'CsBr', 'CsZn8', 'CsHg2', 'CsNaF3', 'CsGa3', 'CsGe', 'CsRb', 'CsTe4', 'CsK3', 'CsBi4Se7', 'CsSnI3', 'CsDyBr3', 'CsSn3', 'CsSO4', 'CsCa3', 'CsV3O8', 'CsHg5Cl11', 'CsSb', 'CsCl', 'CsIr', 'CsCr5S8', 'CsMg3', 'CsSe', 'CsCu4Se3', 'Cs(CrS2)2', 'CsMnAs', 'CsBO6', 'CsHg3', 'CsMnTe2', 'CsMnSe2', 'Cs(MoO3)3', 'CsBr3', 'CsGd', 'CsN3', 'CsK', 'CsC', 'CsCr5Te8', 'CsTe7', 'CsZn4As3', 'CsAsO4', 'CsS', 'CsGa7', 'CsSeBr3', 'CsCd13', 'CsTi5Se8', 'CsPa3', 'CsN2', 'CsHo', 'CsI', 'CsHg', 'CsNp3', 'CsSrCl3', 'CsCoF4', 'CsNd', 'CsCr5Se8', 'CsAg3S2', 'Cs', 'CsAg3Te2', 'CsF', 'CsCu5S3', 'CsSi', 'CsCd4As3', 'CsC15', 'CsRb3', 'CsTi2Cl7', 'CsEu', 'CsPO4', 'CsTe', 'CsPbCl3', 'CsBi2', 'CsAg3Se2', 'CsLa', 'CsMg149', 'CsSr3', 'CsC10', 'CsMg6Ti', 'CsH3', 'CsNa2', 'CsAu', 'CsHg2Br5', 'CsPuO3', 'CsClO3', 'CsBi', 'CsLi2Br3', 'CsPb3', 'CsGdTe4', 'CsK2Pt', 'CsLa3', 'CsI3', 'CsZn4P3', 'CsFe4As3', 'CsHF2', 'CsTlO', 'CsBr2F', 'CsIn3', 'CsN', 'CsH', 'CsNd3', 'CsCu4S3', 'CsSn', 'CsSe4', 'CsHgCl3', 'CsO2', 'CsTmBr3', 'CsCe', 'CsS3', 'CsLi2I3', 'CsPSe6', 'CsNa3', 'CsI4']"
Ba,Im-3m,129.9981809751681,"['BaEu3', 'BaTb', 'BaN2', 'BaAu', 'BaSn5', 'BaSb2', 'BaGe6', 'BaPt', 'BaCe', 'BaTe', 'BaC', 'BaPm3', 'BaB6', 'BaAc3', 'BaO10', 'BaMg149', 'BaS3', 'BaCd3', 'BaC6', 'BaRh2', 'BaNd', 'BaZn', 'BaP10', 'BaTh3', 'BaGe2', 'BaTl4', 'BaCu13', 'BaPt2', 'BaTe3', 'BaSi', 'BaO6', 'BaSn2', 'BaTh', 'BaCd', 'BaPt5', 'BaHg', 'BaCa', 'BaSe', 'BaSr4', 'BaMg15', 'BaGe3', 'BaPm', 'BaSi2', 'BaMg2', 'BaHg11', 'BaCl2', 'BaNa', 'BaHg3', 'BaAu5', 'BaF2', 'BaBr3', 'BaSb3', 'BaN6', 'BaC2', 'BaF3', 'BaAl4', 'BaP3', 'Ba', 'BaBi5', 'K3Ba', 'BaS', 'BaTe2', 'BaPr', 'BaBe13', 'BaCe3', 'BaP8', 'BaRe3', 'BaGa4', 'BaPa3', 'BaS2', 'BaLa3', 'BaAs3', 'BaHg2', 'BaCa3', 'BaSi23', 'BaPb3', 'BaCd11', 'Rb3Ba', 'BaSn3', 'BaAl', 'BaTl3', 'BaI2', 'BaIn4', 'BaPd2', 'BaLi4', 'BaC10', 'BaDy', 'BaO2', 'BaAu2', 'BaP2', 'BaFe12', 'BaMg3', 'BaBr2', 'BaAg', 'BaPd', 'BaCu', 'BaTl2', 'BaMn28', 'BaSe2', 'BaAg5', 'BaMg7', 'BaO4', 'BaO5', 'BaBi3', 'BaSe3', 'BaZn13', 'BaH2', 'BaSr3', 'BaMg', 'BaSm3', 'BaAg2', 'BaC20', 'BaAl2', 'BaN', 'BaO3', 'BaGa2', 'BaYb3', 'BaPd5', 'BaNa2', 'BaO', 'BaHg6']"
La,P6_3/mmc,150.28863578550227,"['LaC', 'LaP3', 'LaCe', 'LaTh', 'LaMg12', 'NaLa', 'LaSn3', 'LaAl2', 'LaGa2', 'LaMg2', 'LaN', 'LaCe4', 'LaOs2', 'LaBe13', 'LaCd2', 'LaGa6', 'LaSi10', 'LaY3', 'LaIn3', 'LaNp3', 'LaAl3', 'LaSi2', 'CaLa', 'LaF', 'LaS', 'LaPr3', 'LaCd3', 'Ba3La', 'LaY', 'LaCu5', 'LaPt3', 'LaAs2', 'LaZn3', 'LaMg7', 'LaRu2', 'Li3La', 'LaB4', 'La', 'LaCu4', 'LaPt5', 'LaNi5', 'LaSm3', 'LaTa3', 'LaTl', 'LaB6', 'Sr3La', 'LaTe2', 'LaCl', 'LaEr3', 'LaSe2', 'LaCl3', 'LaCo', 'LaHg2', 'LaSe', 'AcLa', 'LaI', 'LaDy', 'LaH20', 'LaHg', 'LaZn13', 'LaCe3', 'LaMg3', 'LaPm3', 'LaPd2', 'LaTb3', 'LaPb2', 'LaN3', 'LaBi', 'LaBi3', 'LaAg5', 'LaC2', 'LaO', 'LaGe2', 'LaPu3', 'LaZn11', 'LaP', 'LaMg15', 'LaAs3', 'LaGd3', 'LaCu13', 'LaO2', 'LaPd3', 'LaAu3', 'LaZn', 'LaO3', 'LaTe', 'LaFe9', 'CsLa', 'Ac3La', 'LaZn5', 'LaIr3', 'LaIn', 'LaCu2', 'LaSi5', 'LaIr2', 'LaSb', 'LaP5', 'LaF2', 'LaNi2', 'LaAs', 'LaMg', 'LaNd3', 'LaPt2', 'LaH2', 'LaIr5', 'LaSe3', 'LaAg3', 'LaCu6', 'LaTl3', 'LaCo5', 'LaU3', 'LaYb3', 'LaPd5', 'LaCd11', 'LaBr3', 'LaCo13', 'LaF3', 'LaRh3', 'LaS2', 'LaAg', 'LaRh2', 'LaNi3', 'LaP7', 'LaH3', 'LaV', 'LaI2', 'LaBr', 'LaAl4', 'LaHg3', 'LaPb3', 'LaCd', 'Na3La', 'LaCo2', 'LaBr2']"
Ce,Fm-3m,25.50164500404376,"['CeMg', 'Ba3Ce', 'BaCe', 'LaCe', 'La3Ce', 'CeI3', 'CePu', 'CeB4', 'CeDy3', 'CeTl', 'CeEr3', 'CePm3', 'CeEr', 'CeH3', 'Tb3Ce', 'CeF4', 'CeF3', 'Tb2Ce', 'CeBi', 'CeMg2', 'CeS3', 'CeTh', 'CePr3', 'CeAg', 'CeS2', 'CePb2', 'CeSi2', 'CeIr3', 'CeCo5', 'CeO2', 'CeSb', 'CeCl3', 'CeBi3', 'CeTm3', 'CeZn5', 'CeFe5', 'CeCu5', 'CePd2', 'CeMg5', 'K3Ce', 'CeIr5', 'CeLu3', 'CeCu6', 'CeCo3', 'CeS', 'CeSe2', 'CeNi5', 'CeTe2', 'CePt5', 'CeOs2', 'CeGa2', 'CeP2', 'CePd5', 'CeGa6', 'CeO3', 'Ac3Ce', 'CeMg7', 'CeAl4', 'CeZn11', 'CeMg3', 'CeCd', 'CeP3', 'CeCd2', 'CeHg2', 'CeC2', 'CeP5', 'CeGe2', 'CeBr3', 'CeMg12', 'CeAg2', 'CeMg15', 'CePu4', 'CsCe', 'CeY', 'CeAu6', 'Ce', 'CeY3']"
Pr,Fm-3m,223.68793247843672,"['PrP5', 'PrPd2', 'PrAl', 'PrRe2', 'PrDy3', 'PrSm', 'K3Pr', 'PrMg149', 'PrO3', 'PrCu2', 'PrSi', 'PrPt', 'PrPd3', 'PrNi2', 'Tb2Pr', 'PrMg12', 'PrNi5', 'PrW3', 'PrNd', 'PrLu3', 'PrHg', 'PrIn3', 'PrBi', 'PrSb', 'PrAg2', 'Ac3Pr', 'PrNi', 'PrCd6', 'PrPd5', 'PrCu5', 'PrN', 'PrNi3', 'PrZn5', 'PrIr3', 'PrAu', 'Rb3Pr', 'PrRh', 'PrAu6', 'PrH', 'PrAs', 'PrNd3', 'PrAl2', 'PrZn3', 'PrB6', 'PrB4', 'PrAs2', 'PrSb3', 'PrS2', 'PrCo5', 'PrGe3', 'PrSe', 'PrI3', 'PrO2', 'PrFe2', 'Pr(WO3)2', 'PrMg3', 'PrCd3', 'PrSm3', 'PrPt3', 'PrCl3', 'PrPb2', 'PrAl4', 'PrAg', 'PrMg2', 'PrH3', 'PrAu2', 'PrHo', 'BaPr', 'PrSn2', 'PrAs3', 'PrPt2', 'PrTe3', 'PrMn2', 'PrGe2', 'Na3Pr', 'PrO', 'Pm3Pr', 'PrSi2', 'PmPr', 'PrI6', 'PrRh2', 'NaPrF4', 'PrIn', 'PrP', 'PrSn3', 'PrAl22O34', 'PrZn2', 'PrEu3', 'PrCd', 'PrH2', 'PrY', 'PrZn', 'Ba3Pr', 'PrTe', 'PrN2', 'PrEr3', 'PrHg3', 'Li3Pr', 'PrIr2', 'PrTm3', 'PrPb3', 'PrF3', 'PrCd2', 'Pr', 'PrTe2', 'PrCu6', 'PrPd', 'PrBe13', 'PrMg', 'PrGa', 'PrBr3', 'PrS3', 'PrS', 'PrGe5', 'PrGe', 'PrCu', 'PrTl3', 'PrSb2', 'PrGa3', 'Yb3Pr', 'PrGa2', 'PrTh', 'Tb3Pr', 'PrCo2', 'PrBi3', 'PrRu2', 'PrY3', 'PrB12', 'PrCo3', 'Pr(MoO3)2', 'PrOs2', 'PrB3', 'PrP2', 'PrMo3', 'PrAl3', 'PrHo3', 'PrTl', 'PrZn11', 'PrSe2', 'PrI2', 'PrC2', 'PrPt5', 'PrGa6', 'PrCd11']"
Nd,P6_3/mmc,141.84503754978965,"['NdGd3', 'NdH2', 'NdCu5', 'NdI2', 'NdPt2', 'NdB6', 'NdGd2', 'Pm3Nd', 'NdAs2', 'PmNd', 'NdCo', 'NdHg', 'NdO3', 'NdTl', 'PrNd', 'NdHf', 'NdSc3', 'NdAg2', 'BaNd', 'NdRh2', 'NdRu2', 'NdOs2', 'NdMn12', 'NdPd3', 'Nd', 'NdPd2', 'NdHo3', 'NdMg2', 'NdSm3', 'NdIr2', 'NdAs3', 'NdTh3', 'NdPa3', 'NdP2', 'NdBr2', 'NdP', 'Li3Nd', 'NdS2', 'NdTc3', 'NdTe2', 'NdEr3', 'NdB4', 'NdLu3', 'NdS3', 'NdAu', 'NdSe2', 'NdSe', 'Ca3Nd', 'NdB12', 'NdCd2', 'NdRe2', 'Yb3Nd', 'NdIn3', 'Ac3Nd', 'NdDy', 'NdAs', 'NdCo5', 'NdCd3', 'NdMg3', 'NdCu', 'NdGa', 'NdZn5', 'KNd', 'NdCl2', 'NdIn', 'NdCd', 'NdAg', 'NdAu6', 'NdEu3', 'NdAu3', 'NdRu3', 'NdMn2', 'NdTe', 'CsNd', 'NdP3', 'NdPb3', 'TbNd', 'NdAl4', 'NdSn3', 'Ba3Nd', 'NdZn3', 'NdMg149', 'NdNi5', 'NdBe13', 'Sr3Nd', 'NdCo2', 'NdNi2', 'NdF3', 'NdNi3', 'NdBr3', 'NdDy3', 'NdCu6', 'NdGa3', 'NdCl3', 'NdPt3', 'NdPt', 'NdCd11', 'NdI3', 'NdY3', 'La3Nd', 'NdZr', 'NdBi', 'NdGa2', 'NdAl2', 'NdZn', 'NdCo3', 'NdAg3', 'NdTh', 'NdO2', 'NdTm', 'NdGe', 'NdN', 'NdGe2', 'NdFe5', 'Tb3Nd', 'NdMg12', 'NdRh3', 'NdAl', 'Na3Nd', 'NdHg3', 'NdFe2', 'NdSi', 'NdTm3', 'K3Nd', 'NdO', 'Pr3Nd', 'NdPu3', 'Rb3Nd', 'NdIr5', 'NdC2', 'NdIr3', 'NdP5', 'NdGa6', 'NdH3', 'NdAl3', 'NdMg', 'NdTl3', 'NdSi2', 'NdHg2', 'NdTa3', 'NdGe3', 'NdPt5', 'NdSb', 'NdZn11', 'NdS']"
Pm,P6_3/mmc,138.0936421538299,"['PmInO3', 'LaPmGa2', 'Na3Pm', 'PmAg3', 'PmN', 'PmBr3', 'PmSe2', 'PmNdIn2', 'PmSm', 'PmGdAl2', 'PmMg2Sc', 'K3Pm', 'PmLuAl2', 'PmNd', 'LiPmIn2', 'PmHoRu2', 'PmPrHg2', 'PmS2', 'CsPm', 'PmDyZn2', 'PmErAl2', 'PmMgTl2', 'PmCd3', 'PmNdMg2', 'PmGdHg2', 'PmEr3', 'PmNi3', 'PmTm3', 'PmCu2Si', 'PmLu3', 'PmSmTl2', 'LaPmTl2', 'PmMg', 'Ce3Pm', 'PmSn3', 'PmSe3', 'PmHoTl2', 'PmAl3', 'PmMg149', 'PmCdCu2', 'PmHoIr2', 'BaPm', 'PmGdIn2', 'PmTl3', 'CaPmAg2', 'PmS3', 'PmDyTl2', 'PmHf', 'PmGe3', 'PmGd3', 'PmErTl2', 'PmHo', 'PmGa3', 'PmGePd2', 'PmSnPt2', 'KPm', 'PmLuMg2', 'PmSmRu2', 'PmCl3', 'PmTa3', 'PmGdCu2', 'PmH3', 'PmBi3', 'Pm(Mg4Al3)4', 'PmDyAl2', 'PmMgO3', 'PmErPd2', 'LaPmZn2', 'PmPrMg2', 'PmEuO3', 'PmNdZn2', 'PmHoZn2', 'PmI', 'Rb3Pm', 'PmHoRh2', 'PmErZn2', 'PmPrIr2', 'PmHoIn2', 'Ac3Pm', 'Sr3Pm', 'PmTm', 'LaPmIr2', 'PmPrTl2', 'PmPd3', 'PmY3', 'LaPmMg2', 'LaPmRu2', 'PmSmGa2', 'PmHo3', 'PmPr', 'PmIn3', 'PmSm3', 'Yb3Pm', 'Pm', 'PmSc3', 'Ca3Pm', 'PmS', 'PmH', 'CePmMg2', 'PmAu3', 'PmRuO3', 'PmPuAu2', 'PmF3', 'PmNdHg2', 'PmHoCu2', 'PmEuHg2', 'PmNdIr2', 'LiPmO3', 'PmEu3', 'PmTh3', 'PmErO3', 'PmPa', 'PmSe', 'PmNp', 'PmMgSe3', 'PmCl2', 'PmCu3', 'LiPmGa2', 'PmNdRu2', 'PmZn3', 'PmDy3', 'PmEuPd2', 'PmSmIr2', 'PmMn3', 'PmLuZn2', 'La3Pm', 'PmBeO3', 'Li3Pm', 'PmAs3', 'PmHg3', 'Tb3Pm', 'PmEuRh2', 'PmTiO3', 'CaPmMg2', 'PmNdGa2', 'PmZr', 'PmPrZn2', 'PmB3', 'PmEuZn2', 'PmRh3', 'PmPu3', 'PmNd3', 'PmPaO4', 'PmGaPd2', 'PmSmAl2', 'PmPr3', 'PmLuIn2', 'PmMgS3', 'PmWO3', 'Ba3Pm', 'PmBr2', 'PmLuTl2', 'PmSmZn2', 'PmEuPt2', 'PmI3', 'PmMg3', 'PmP3', 'PmY', 'PmMg2', 'PmGaRh2', 'PmHoAl2', 'PmSi3']"
Sm,P6_3/mmc,135.20776948932632,"['SmFe3', 'SmF3', 'SmB4', 'SmBr3', 'SmP3', 'SmAl3', 'SmC2', 'PrSm', 'SmSi2', 'SmGa6', 'SmFe5', 'SmO', 'PmSm', 'SmHf', 'SmLu3', 'SmIn', 'SmZn5', 'SmF2', 'SmRe2', 'CeSm', 'SmAl4', 'SmPb3', 'SmCu6', 'SmAs', 'Rb3Sm', 'SmNi3', 'Pm3Sm', 'SmGa', 'TbSm', 'SmMg2', 'SmRh3', 'SmP5', 'Sr3Sm', 'SmAu6', 'SmPt', 'SmAl', 'SmBr2', 'SmGa2', 'SmI', 'SmMn2', 'SmGe5', 'Li3Sm', 'SmRh2', 'SmAg3', 'SmS2', 'SmO2', 'La3Sm', 'SmMg5', 'SmHg3', 'SmCd11', 'SmTe', 'SmSe', 'SmSb', 'SmGe', 'SmH2', 'SmAg', 'SmZn12', 'SmBi3', 'SmCo12', 'SmPa3', 'SmTm3', 'SmO3', 'SmCu', 'SmRh', 'SmHg2', 'SmTe2', 'SmCo3', 'SmI2', 'SmCo5', 'SmSn2', 'Ce4Sm', 'SmBi', 'KSm', 'SmB2', 'SmB12', 'SmCd', 'Tb3Sm', 'SmN', 'SmEr3', 'Nd3Sm', 'SmY3', 'SmC6', 'SmAl5', 'SmMn3', 'SmTa3', 'SmGa3', 'SmEu3', 'SmGd3', 'K3Sm', 'SmZr', 'SmNi5', 'SmNi', 'SmB6', 'SmDy3', 'SmPd2', 'SmS', 'SmAu', 'SmRe3', 'Pr3Sm', 'SmTh3', 'SmMg', 'SmGe2', 'SmCl3', 'SmRu2', 'Yb3Sm', 'SmPa', 'SmCl2', 'SmAs3', 'SmPd', 'SmMg149', 'SmCd2', 'SmCo2', 'Ba3Sm', 'SmNi2', 'SmSn3', 'SmOs2', 'SmIn3', 'SmAu3', 'Ce3Sm', 'Sm', 'SmPt2', 'SmBr', 'SmPu', 'SmFe12', 'SmPd3', 'SmHo3', 'SmSe2', 'SmBe13', 'SmZn', 'SmAl2', 'SmTh', 'SmC10', 'SmZn3', 'SmPt3', 'SmTl', 'SmP', 'SmGe3', 'SmMg3', 'SmTe3', 'SmI3', 'SmSb2', 'SmH3', 'SmPu3', 'Na3Sm', 'Ca3Sm', 'SmFe2', 'SmCd3', 'SmCu5', 'Ac3Sm', 'SmTl3', 'SmSi']"
Eu,P6_3/mmc,88.12607338472408,"['EuAu', 'EuSn3', 'EuS2', 'EuO', 'EuSi', 'EuMg5', 'EuNb3', 'EuCl2', 'EuN2', 'EuB6', 'EuSi3Ir', 'EuAu3', 'Sm3Eu', 'EuRh2', 'EuPd', 'EuMg', 'EuAsPt', 'EuZn11', 'EuC6', 'EuS3', 'EuAu2', 'EuPd3', 'EuCd3', 'EuCu', 'EuH2', 'EuFe2', 'EuHg', 'EuCd11', 'EuP3', 'EuSi3Rh', 'EuGe3Pt', 'EuAg3', 'EuC10', 'EuGe3Ir', 'EuHO3', 'EuGa', 'Eu(GePt)2', 'EuSn', 'EuSi3Ni', 'EuGe3Rh', 'EuEr', 'Sr3Eu', 'EuAg2', 'EuBi3', 'EuAs', 'EuAg', 'Eu(GaP)2', 'Li3Eu', 'EuIn2', 'EuPt2', 'EuHg3', 'EuHg2', 'EuF3', 'EuMg3', 'EuTe', 'EuIn3', 'EuZn', 'Ac3Eu', 'SrEu', 'Ba3Eu', 'EuIn4', 'EuO2', 'Eu(ZnSn)2', 'EuBe13', 'K3Eu', 'EuSe', 'EuGe', 'Eu', 'EuNi3', 'EuZn13', 'EuCr3', 'EuGa4', 'YbEu', 'EuB12', 'EuGe2', 'EuAl', 'EuHo3', 'EuRe2', 'EuCd2', 'EuCoGe3', 'EuIr2', 'EuAu5', 'EuCd', 'EuNi5', 'EuAlGe', 'EuNiGe3', 'EuZnIn3', 'EuTl3', 'EuSb2', 'Na3Eu', 'CsEu', 'EuPb3', 'EuBrO2', 'EuMg149', 'EuGa2', 'EuN', 'EuSi6', 'EuGe3', 'EuTl', 'EuBi2', 'EuO3', 'EuIn', 'EuPd2', 'EuTl2', 'EuCu5', 'EuCu2', 'EuF2', 'EuAg5', 'EuY3', 'EuTh3', 'EuP', 'EuC2', 'EuCl3', 'EuSe2', 'EuS', 'EuZn5', 'EuSi2', 'EuMg2', 'NaEuF4', 'Pr3Eu', 'Ca3Eu', 'EuAl2', 'EuY2O4', 'EuP7', 'EuAl3Si', 'Ce3Eu', 'EuAl4', 'EuBr3', 'La3Eu', 'EuBr2', 'Pm3Eu', 'EuClO2', 'EuU3', 'EuAs3', 'EuZn2', 'Nd3Eu', 'Eu(GaAs)2', 'EuPb', 'EuSeO3', 'Tb3Eu', 'EuI2', 'Eu(HO)3', 'EuGe3Pd']"
Gd,P6_3/mmc,67.79110270704972,"['GdCrO4', 'GdZr', 'Gd(CuGe)2', 'GdCoC', 'GdBr3', 'GdSiPd', 'GdRh', 'GdPd', 'Gd(LuS2)3', 'PrGdZn2', 'GdH2', 'GdCu2', 'GdYH4', 'GdIn3', 'GdMn2O4', 'LaGdB12', 'GdF3', 'GdCu5', 'Gd(SiPd)2', 'GdZrSb', 'GdCu6', 'GdTl3', 'GdCd2', 'GdRe2', 'GdCd3', 'GdMn3', 'GdPt2', 'GdSi2', 'GdNi2', 'GdRh3', 'GdU3', 'GdRu2', 'GdSiPt', 'GdCd', 'GdBr', 'GdSiRu', 'GdTe', 'GdTa3O9', 'GdSi', 'GdAsO4', 'GdAl3', 'GdB6', 'GdBe13', 'GdAgSn2', 'GdCu5Se4', 'SmGdB12', 'GdSn2', 'GdClO', 'Gd(MnSi)2', 'GdSb', 'GdB2', 'GdTiGe', 'Gd(Al2Fe)4', 'GdAl3Cu', 'GdAg3', 'Gd(Sn3Ru2)2', 'GdAu', 'Gd(CuSn)2', 'GdN', 'GdZn2', 'GdS', 'GdEr3', 'RbGdTe4', 'GdBrO', 'CeGdN2', 'GdO2', 'Gd(BC)2', 'GdGa3', 'GdTc3', 'GdZn', 'GdSe2', 'GdHO2', 'GdY3', 'Gd', 'GdHg3', 'CsGd', 'GdMg3', 'GdAgSe2', 'GdSe', 'GdMnSi', 'Rb3GdF6', 'GdIn2Cu9', 'Ce3Gd', 'GdAs', 'GdRh5', 'GdIn', 'GdAg2', 'GdCo5', 'GdIn2Ni9', 'LiGdS2', 'GdAl2', 'GdTl', 'GdGa2', 'Pr3Gd', 'GdCuAs2', 'GdCuSb2', 'GdMn2', 'GdClO2', 'GdS2', 'CaGdS2', 'GdIn5Rh', 'Sr2GdS3', 'GdB4', 'GdFe2', 'GdGa6', 'GdBi', 'GdOF', 'GdPt3', 'GdGa', 'GdPt', 'GdBi3', 'Gd(BRh)4', 'Pm3Gd', 'LiGdSe2', 'Sm3Gd', 'GdMg2', 'Na5GdO4', 'GdCl', 'Rb3Gd', 'GdPb3', 'GdB12', 'GdP5', 'GdGe2', 'GdTaO4', 'GdBrO2', 'GdO3', 'GdMn12', 'GdOs2', 'GdCu', 'GdRh2', 'GdCBr', 'GdMg', 'GdNp3', 'GdHg', 'GdCl3', 'GdCu5Te4', 'CsGdTe4', 'GdTe2', 'GdDy', 'GdNi', 'GdH3', 'GdAg', 'LaGdN2', 'GdIr3', 'GdCoSi3', 'Gd(Re2Si)2', 'Gd(CuSi)2', 'GdTh3', 'GdAu2', 'Gd(SiPt)2', 'Li3Gd', 'GdAs2Pd3', 'GdFe5', 'KGdTe4', 'GdNi3', 'GdHo3', 'GdGe', 'GdPd3', 'GdAlGe', 'GdNi5', 'GdSi3Ir', 'GdUC4', 'GdAlSi', 'Gd(CoB)4', 'GdP', 'GdSF', 'Gd(Ga2Fe)4', 'GdSn3', 'GdO', 'GdCo2', 'GdPd2Pt', 'GdCoSi', 'NaGdF4', 'GdC2', 'GdAl']"
Tb,P6_3/mmc,65.42556819799493,"['BaTb', 'TbBi5O9', 'TbTh', 'TbZn', 'TbF4', 'TbSb', 'TbZn3', 'TbHf', 'TbCu5', 'TbP', 'TbF3', 'TbCd2', 'TbYb3', 'TbBi', 'TbGa', 'TbGe5', 'TbOs2', 'TbSm', 'TbCu', 'TbIn3', 'TbTe3', 'TbGa6', 'TbTa3', 'TbMn3', 'TbPd', 'TbSm3', 'TbGa3', 'TbSb2', 'TbGa2', 'TbSe3', 'TbMg149', 'Ca3Tb', 'TbNp3', 'TbAs', 'TbPr3', 'TbAu6', 'TbCe3', 'TbZn2', 'TbCo5', 'TbAs3', 'TbO2', 'TbOs3', 'TbHg', 'TbTh3', 'TbMg2', 'TbPd3', 'TbMg3', 'TbCd3', 'TbCo3', 'TbC2', 'TbB6', 'TbAl4', 'TbTe', 'TbGe2', 'Sr3Tb', 'Ba3Tb', 'TbSe2', 'TbZr3', 'TbTe2', 'TbBr3', 'TbU3', 'TbSi3Ir', 'TbSe', 'TbSi3Rh', 'TbHg2', 'TbPt2', 'TbMn12', 'TbS', 'TbAu', 'TbSb3', 'TbB4', 'TbAl3', 'TbIr2', 'TbSc', 'La3Tb', 'TbAu3', 'TbFe3', 'TbY3', 'TbCl3', 'TbRe2', 'TbNd', 'TbAl2', 'TbBi3', 'TbH3', 'TbPt', 'TbBe13', 'TbN', 'TbPu', 'TbAg3', 'TbPb3', 'TbPd2', 'Ac3Tb', 'TbMg', 'TbZn12', 'TbGe', 'K3Tb', 'TbTl3', 'TbPt3', 'TbZr', 'Rb3Tb', 'TbSi2', 'TbCd', 'TbAu2', 'TbI3', 'Tb', 'TbAg2', 'TbAl', 'TbRu3', 'TbNi5', 'TbTl', 'TbSi', 'TbSn2', 'TbRh5', 'TbRu2', 'TbS3', 'TbAg', 'TbPm3', 'TbRh', 'TbHo3', 'TbNi', 'TbTc2', 'TbSn3', 'TbS2', 'TbHg3', 'TbCl', 'TbNd3', 'TbGe3', 'TbLu', 'TbB2', 'TbCu2', 'TbB12', 'TbRh2', 'Li3Tb', 'TbHo', 'TbEu3', 'TbCo2', 'TbO3', 'TbPa', 'TbFe2', 'SrTb', 'TbBr', 'TbNi2', 'TbH2', 'TbNi3', 'TbMn2', 'TbPu3']"
Dy,P6_3/mmc,64.00862348033375,"['DyTl', 'DyPa', 'DyCl2', 'DyMg2', 'DyO3', 'Pr3Dy', 'DyCuTe2', 'DyBr3', 'DyHg2', 'DyNi2', 'DyAu3', 'DyHg3', 'DyPa3', 'DySi', 'DyLu3', 'DyAl2', 'DyTa3', 'DyAs', 'DyCu7', 'DyMg149', 'DyCu', 'DyCu5', 'DyIn3', 'DyBi', 'DySe2', 'DyOs2', 'DyGe3', 'DyRh2', 'K3Dy', 'DyAu', 'DyAlSi', 'DyTh3', 'Ba3Dy', 'DyP5', 'Sr3Dy', 'DyNp3', 'DyIn', 'DyCd', 'Gd3Dy', 'Li3Dy', 'DyCd3', 'DyCl3', 'DySi2', 'DyO2', 'DyHo', 'DyIn2Pd', 'DyEr3', 'DyCu2', 'DyMn2', 'DyHo3', 'DyZr', 'DyS', 'DySi3Ir', 'DyB6', 'DyTm3', 'DyPd3', 'DyRh5', 'DyNi5', 'DyP', 'DySn3', 'DyAu6', 'Ac3Dy', 'DyGa3', 'DyCd6', 'DySb2', 'DyAg2', 'Eu3Dy', 'DyMg', 'DySb3', 'Sm3Dy', 'DyRu3', 'Ce3Dy', 'NdDy', 'DyI6', 'DyIr3', 'DyHg', 'DyTe2', 'DyMg5', 'DyTe3', 'LaDy', 'DyPt', 'DyF3', 'DyFe3', 'DyZn3', 'DyC2', 'DyOs3', 'DyZn12', 'DyGa', 'DyTe', 'Ca3Dy', 'DySb', 'DyTh2', 'DyAg', 'DyAl', 'DyCd2', 'DyS2', 'DyCo2', 'DyPd2', 'DyAl3', 'DyGa2', 'DyB2', 'Tb3Dy', 'DyH3', 'Nd3Dy', 'La3Dy', 'DyRe2', 'DyRu2', 'BaDy', 'DyFe2', 'DyTc2', 'DyPu3', 'DyNi3', 'DyZn5', 'DySe', 'DyRh', 'DyB12', 'Pm3Dy', 'Dy', 'DyGa6', 'DyAgSe2', 'DyPt3', 'DyFe5', 'DyMg3', 'DyN', 'DyIr2', 'DyCo5', 'DyTl3', 'DyZn2', 'DyU3', 'DyCo3', 'GdDy', 'DyNi', 'DyAg3', 'DyMn12', 'DyBe13', 'DyH2', 'DyPt2', 'DyY3', 'DyPb3', 'DyI3', 'DySn2', 'DyAu2', 'DyTh', 'DyZn', 'DyB4', 'Rb3Dy', 'DyEr', 'Na3Dy', 'DyBr2', 'DyPd', 'DyGe', 'Yb3Dy']"
Ho,P6_3/mmc,62.7292955117729,"['Ce3Ho', 'HoIr2', 'HoSb3', 'HoRe2', 'K3Ho', 'HoB2', 'HoTa3O9', 'Dy3Ho', 'HoSe2', 'HoPd2', 'HoOs2', 'HoHg3', 'Nd3Ho', 'HoO3', 'HoSi3', 'HoN', 'HoSn3', 'HoCo2', 'HoB3Mo', 'HoHg2', 'HoCd6', 'HoAs3', 'HoGe', 'Gd3Ho', 'HoAu', 'HoRh', 'HoEr', 'HoNi5', 'HoAl', 'HoPd', 'HoU3', 'HoAg', 'Eu3Ho', 'HoO2', 'HoF3', 'HoZn3', 'HoMn12', 'HoFe2', 'HoOs3', 'Yb3Ho', 'HoNp', 'HoSi2', 'HoIr', 'HoCu5', 'HoTm3', 'HoCu', 'HoBr2', 'HoMg5', 'DyHo', 'HoI3', 'HoTl3', 'HoGa', 'HoAgTe2', 'PmHo', 'HoTc2', 'Ba3Ho', 'HoAu4', 'Sr3Ho', 'HoSn2', 'Y3Ho', 'HoCo5', 'HoTh3', 'Ac3Ho', 'HoClO2', 'HoH3', 'HoS2', 'HoAg2', 'HoEr3', 'HoBr3', 'PrHo', 'Ca3Ho', 'HoH2', 'HoPt2', 'HoBi', 'HoMn2', 'Pr2Ho', 'YHo', 'Ho', 'Pm3Ho', 'HoZn2', 'HoNi', 'HoTh', 'Li3Ho', 'HoTl', 'HoCd2', 'Rb3Ho', 'HoAl3', 'HoRh2', 'HoPu3', 'HoAu6', 'CsHo', 'HoTe2', 'HoBe13', 'HoCd3', 'HoPt3', 'HoAu3', 'HoHg', 'HoHO2', 'HoAgSe2', 'HoPd3', 'HoGa2', 'HoO', 'HoIn', 'HoBi3', 'HoB12', 'HoSi3Ir', 'Tb3Ho', 'HoPb3', 'HoZr', 'HoCo3', 'HoAu2', 'HoSb2', 'HoFe3', 'HoCl3', 'HoZn', 'HoRu2', 'HoSb', 'HoP5', 'HoP', 'HoGa6', 'HoC2', 'HoCd', 'HoTa3', 'LaHoS3', 'HoNp3', 'HoTe3', 'HoTe', 'HoSi', 'HoAl3Cu', 'Sm3Ho', 'HoGe3', 'HoNi3', 'HoIn2Pd', 'HoLu3', 'HoMg', 'HoB4', 'HoSe', 'Pr3Ho', 'HoPt', 'HoIn3', 'HoMg149', 'HoGa3', 'La3Ho', 'HoMg2', 'HoZn12', 'TbHo', 'HoCu2', 'HoMg3', 'HoB6', 'HoNi2', 'HoAs', 'HoCl2', 'HoS', 'HoFe5', 'HoAl2']"
Er,R-3m,92.66521360457801,"['ErSi2', 'ErNi3', 'ErAs', 'ErAg2', 'ErCd', 'ErRh2', 'ErHg', 'ErMg5', 'ErO2', 'ErTm3', 'Gd3Er', 'ErNp3', 'ErBi', 'ErGa6', 'ErI3', 'ErCo5', 'ErCd3', 'ErZr', 'ErMn2', 'ErPt', 'ErRh5', 'CeEr', 'HoEr', 'ErNi', 'K3Er', 'ErPa3', 'Yb3Er', 'ErMg2', 'ErLu3', 'ErS2', 'ErGe', 'ErAu2', 'ErRe2', 'Sm3Er', 'ErHg3', 'EuEr', 'ErSe', 'ErAl', 'Pr3Er', 'ErCu5', 'ErU', 'ErOs2', 'ErNi4', 'YEr', 'ErCl2', 'ErAs3', 'ErAl2', 'ErCu', 'ErAl3', 'Er', 'ErH2', 'ErMg', 'ErB6', 'ErTl', 'Sr3Er', 'ErS', 'ErO3', 'ErZn', 'ErSb3', 'ErPb3', 'ErOs3', 'ErH3', 'ErCo3', 'ErNi5', 'ErPt5', 'ErGa2', 'Ho3Er', 'ErPt2', 'Ba3Er', 'ErAg', 'ErIr2', 'Nd3Er', 'ErCu2', 'ErTe3', 'ErPt3', 'Dy3Er', 'ErZn12', 'ErAu', 'ErCd2', 'ErAu3', 'ErZn3', 'ErZn5', 'Pm3Er', 'Eu3Er', 'ErF3', 'ErTc2', 'ErIr', 'ErCl3', 'ErTl3', 'La9ErO15', 'ErNi2', 'ErBe13', 'ErMg149', 'ErTe2', 'ErTh', 'Rb3Er', 'ErMn12', 'ErO', 'ErAg3', 'ErB4', 'ErCd6', 'ErC2', 'ErSb2', 'ErTa3', 'Ac3Er', 'Tb3Er', 'ErFe2', 'ErB2', 'ErAu4', 'ErCo2', 'Li3Er', 'ErH', 'ErSe2', 'ErBi3', 'ErGe3', 'ErN', 'ErGa3', 'ErRu2', 'ErMg3', 'ErSb', 'ErFe3', 'ErZn2', 'ErRh', 'ErIn3', 'ErPd2', 'ErP', 'ErIn', 'ErTe', 'ErPd3', 'ErSi', 'ErSn2', 'La3Er', 'DyEr', 'ErRu3', 'Y3Er', 'ErGa', 'ErPd', 'ErSn3', 'Ce3Er', 'ErPu3', 'ErHg2', 'ErB12']"
Tm,P6_3/mmc,60.39799572484888,"['LaTmS3', 'TmB6', 'TmSb2', 'TmRu3', 'TmAs3', 'NdTmS3', 'TmIr2', 'Pr3Tm', 'TmNiGe', 'TmCu', 'TmI3', 'TmP5', 'TmMn12', 'TmSe2', 'TmRh2', 'TmO3', 'TmRu2', 'TmZn3', 'TmNi5', 'TmNi2', 'TmIn2Pd', 'Nd2Tm', 'TmZn5', 'TmLu3', 'TmSb', 'TmN', 'TmBi', 'TmRh3', 'TmCd', 'TmP', 'TmOs2', 'Li3Tm', 'TmCl3', 'Yb3Tm', 'TmGe2', 'TmTc2', 'TmBr2', 'Pm3Tm', 'TmSi2', 'Cs3TmO3', 'TmAl2', 'TmCu5', 'Tb3Tm', 'Tm(HO)3', 'Rb3Tm', 'TmNi3', 'Y3Tm', 'TmGa2', 'TmAu3', 'TmMg', 'TmAlGa', 'TmZr3', 'TmCl2', 'TmFe2', 'TmGa5Co', 'CeTmS3', 'TmSn3', 'TmCd3', 'TmSb3', 'TmF3', 'PmTm', 'TmGaAg', 'Eu3Tm', 'TmTl3', 'TmSi', 'Tm', 'TmZn', 'K3Tm', 'TmMgSe3', 'TmGePd', 'TmTl', 'TmCo2', 'TmRe2', 'TmGa', 'Er3Tm', 'TmOs3', 'TmPd', 'TmS', 'TmAl3', 'Sm2TmS4', 'TmPd3', 'TmTe2', 'TmZn2', 'TmTa3', 'TmS2', 'TmB2', 'PrTmS3', 'TmNi', 'TmCu2', 'TmZr', 'TmBr3', 'TmNp3', 'TmTe', 'Nd3Tm', 'TmGa6', 'Ho3Tm', 'TmCo3', 'TmPt3', 'TmAg3', 'La3Tm', 'TmFe3', 'TmIn5Rh', 'TmB12', 'TmCd2', 'TmC2', 'TmHg3', 'TmSi3', 'TmSn2', 'Ba3Tm', 'Ce3Tm', 'TmI2', 'KTm', 'TmPb3', 'TmAu', 'TmPu3', 'TmTh3', 'TmAs', 'TmAg', 'TmH3', 'TmIn', 'NdTm', 'Ac3Tm', 'TmGe3', 'Sr3Tm', 'TmB4', 'TmTe3', 'TmAgTe2', 'TmIr', 'Rb3TmO3', 'TmGaAu', 'TmZn12', 'TmBi3', 'TmSe', 'TmAg2', 'TmPt2', 'NaTm', 'TmMg2', 'TmPt', 'TmAgS2', 'TmMn2', 'TmGa3', 'TmIn3', 'TmAu2', 'TmGe', 'TmMg3', 'TmO2', 'TmRh', 'TmBr', 'TmHg', 'TmU3', 'Dy3Tm', 'TmMg5', 'TmBe13', 'TmPa3', 'TmH2', 'TmAl', 'TmAu4', 'TmMgS3', 'Sm3Tm']"
Yb,P6_3/mmc,120.83374254803681,"['YbTm3', 'YbGa4', 'Rb3Yb', 'YbBr2', 'YbPt3', 'YbP3', 'K3Yb', 'YbSb', 'La3Yb', 'YbAl2', 'YbB6', 'YbSb2', 'YbClF', 'YbAu3', 'YbRu', 'YbPb3', 'YbS2', 'YbHg3', 'YbMn2', 'YbOF', 'YbAs', 'YbNi2', 'YbN2', 'YbZnGa3', 'Yb(BiTe2)2', 'YbNb3', 'YbBi2C', 'YbH3', 'YbHg', 'YbIr', 'YbGeAu', 'YbTe', 'YbAg', 'YbNd3', 'YbS', 'Tb2YbS4', 'YbRh', 'YbAg2', 'YbBr3', 'YbBi2', 'YbTe4Pb3', 'Yb(YSe2)2', 'Ba3Yb', 'YbSi2', 'YbZn3', 'YbCd', 'Tb3Yb', 'Yb(PrS2)2', 'YbCl3', 'YbSe2', 'YbSn3', 'YbPt2', 'YbZn2', 'YbCo2', 'YbMg', 'YbSm3', 'YbRh2', 'YbF3', 'YbF', 'SrYb', 'YbO3', 'YbAu4', 'Yb(TmSe2)2', 'YbGePd', 'Yb(BC)2', 'YbMg2', 'YbGe3', 'YbOs3', 'YbPt', 'Na3Yb', 'YbY3', 'YbEr3', 'YbCd3', 'YbPd', 'YbZn', 'RbYb', 'YbAl3Au', 'Yb(ErSe2)2', 'Ac3Yb', 'YbIn3', 'NaYbF4', 'YbMn3', 'YbOs2', 'YbO2', 'YbPm3', 'YbCu5', 'YbTl3', 'YbIn5Rh', 'Yb(SbTe2)2', 'YbCu2', 'YbEu', 'YbCu', 'YbSi', 'YbCl2', 'YbBi3', 'YbPd3', 'Yb(LuSe2)2', 'Yb(DyS2)2', 'NaYbCl4', 'Yb', 'Yb(SiAg)2', 'Yb(HoSe2)2', 'YbAl3', 'YbSe', 'Yb(NdS2)2', 'YbBrO', 'YbHO2', 'YbAg3', 'Yb(ZnSb)2', 'YbAgS2', 'YbIr2', 'YbGa3Au', 'YbTl', 'YbAs3', 'YbAu', 'YbFe2', 'Cs2YbH4', 'Cs3Yb', 'YbSi3', 'YbCuAs2', 'YbC2', 'YbNi', 'YbBr', 'YbCe3', 'YbF2', 'YbIn', 'YbZnGe', 'YbIn5Co', 'YbAlCu5', 'YbPd2', 'YbHg2', 'Sr3Yb', 'YbGd3', 'YbI2', 'YbPa3', 'YbHo3', 'YbMg3', 'YbGa5Co', 'Li3Yb', 'YbNi5', 'YbGa2', 'YbGa6', 'YbB2', 'YbIn2', 'YbZnGa', 'YbDy3', 'YbTa', 'YbGa3Cu', 'YbHCl', 'YbFeSi', 'YbIn5Ir', 'YbTh3', 'YbPaO4', 'YbU3', 'YbH2', 'YbB2C', 'YbPu3', 'YbPr3']"
Lu,R-3m,89.06653365323558,"['LuNi2', 'LuIO', 'LuZnSn2', 'Er3Lu', 'LuBr3', 'LuAs', 'LuMn3', 'LuWO4', 'LuB12', 'LuBrO', 'LuPb2', 'LuZn3', 'Lu(MnSi)2', 'LuC2', 'LuB2', 'LuMn5', 'LuMg149', 'LuTiSi', 'LuCd3', 'LuB4', 'LuTe', 'LuMn2', 'LuI3', 'LuSe', 'LuAl2', 'LuCoC', 'LuIr2', 'Ca3Lu', 'LuGa3', 'LuRu3', 'Lu(Fe2Ge)2', 'LuCu5', 'LuNi', 'LuAl', 'KLu', 'LuRu', 'LuAgS2', 'LuCu2', 'LuGaAu', 'LuRe2', 'Lu(SiRu)2', 'LuPt', 'Lu(Ni2P)2', 'LuTc2', 'LuO3', 'Lu(BC)2', 'LuZn2', 'LuTl', 'LuN', 'LuCd', 'Lu(Ni2As)2', 'LuP', 'Lu(BRh)4', 'Pr3Lu', 'LuAu4', 'LuGe2', 'Ac3Lu', 'LuGaAg', 'LuSn2', 'LuOs2', 'LuB2C', 'Lu(ClO2)3', 'LuP5', 'LuTe3', 'LuPb3', 'Lu(FeO2)2', 'LuPaO4', 'Lu', 'Lu(Al2Fe)4', 'LuIn2', 'LuGa2', 'Nd3Lu', 'LuGa', 'LuSe2', 'K3Lu', 'LuCo2', 'LuAg4', 'LuAl2Pd5', 'LuRu2', 'LuNi5', 'LuOs3', 'La3Lu', 'Lu(Al2Cu)4', 'LuBr', 'LuMg', 'LuIr', 'LuTh', 'LuSi', 'Eu3Lu', 'Ho3Lu', 'Lu(HO)3', 'LuTiGe', 'LuIn', 'LuB6', 'LuBi3', 'LuZn', 'LuBi', 'Li3Lu', 'LuCl3', 'LuSb', 'LuMg3', 'LuSi2', 'LuSi3', 'LuH3', 'Lu(TiGa2)2', 'LuRh3', 'LuCuSb2', 'LuTl3', 'LuAg2', 'LuZr3', 'LuTa3', 'LuO2', 'Lu(FeB)2', 'Lu(PO3)3', 'Lu(Al2Cr)4', 'Tm3Lu', 'Lu(CuSn)2', 'LuS2', 'SmLuSe3', 'LuSb2', 'Tb3Lu', 'LuH2', 'Yb3Lu', 'LuHg', 'LuRh', 'Y3Lu', 'LuPd3', 'LuAu2', 'LuAg3', 'Sm3Lu', 'LuZn5', 'LuRh2', 'Lu(CoB)4', 'LuSb3', 'LuInO6', 'LuTh3', 'LuPt3', 'Lu(SiNi)2', 'LuIn3', 'LuTaO4', 'LuMgSe3', 'LuPd', 'Gd3Lu', 'Rb3LuO3', 'LuF3', 'LuAl3', 'LuGa5Co', 'LuZn12', 'Sr3Lu', 'LuCd2', 'SrLu', 'LuNi3', 'LuS', 'LuCo3', 'LuAu', 'LuZr', 'LuTe2', 'LuIn2Pd', 'TbLu', 'LuBe13', 'Dy3Lu', 'Lu(CrSi)2', 'Rb3Lu', 'LuAu3', 'LuNbO4', 'LuTa3O9', 'LuCuAs2', 'Lu(Co2Ge)2', 'LuFe2', 'Lu(MnAl2)4']"
Hf,P6_3/mmc,44.52724349481806,"['HfSc', 'HfSi2', 'SmHf', 'TbHf', 'HfSb2', 'NdHf', 'HfP3', 'HfPt4', 'HfNi', 'HfRu', 'Eu3Hf', 'HfW2', 'HfMn2', 'HfAs2', 'HfAg', 'HfOs', 'HfAu2', 'HfRh3', 'HfV2', 'HfMn', 'HfPd3', 'HfS3', 'HfAl3', 'LiHf', 'HfNi5', 'HfNi2', 'HfH2', 'HfTe3', 'Nd3Hf', 'HfSe3', 'HfCo', 'HfCo2', 'PmHf', 'HfMo2', 'HfTc', 'HfCo7', 'HfBi3', 'HfI4', 'HfH3', 'HfCo3', 'HfS2', 'HfRh', 'HfN', 'HfBi2', 'HfBe5', 'HfZn16', 'Hf', 'HfBe2', 'Pr3Hf', 'HfZr', 'HfPt', 'HfSn', 'HfCd', 'HfZn3', 'K3Hf', 'HfOs2', 'HfSi', 'HfGa', 'HfTl3', 'HfCl4', 'HfS', 'HfAu', 'HfP2', 'HfPt3', 'HfSb', 'HfTl', 'HfAl2', 'HfZr3', 'HfBr3', 'HfB', 'HfAu9', 'Yb3Hf', 'HfNi3', 'HfTc2', 'HfO2', 'HfMg7', 'HfPd', 'Pm3Hf', 'HfBr4', 'Rb3Hf', 'HfRu3', 'HfF4', 'HfTi', 'HfSb3', 'HfFe2', 'HfBe', 'HfZn2', 'Ce3Hf', 'HfMg15', 'HfRe2', 'HfB12', 'HfSn2', 'HfNp3', 'HfI3', 'HfMg149', 'HfN2', 'HfP', 'HfPd2', 'HfSe2', 'HfZn', 'HfIr', 'HfCr2', 'Sm3Hf', 'HfC', 'La3Hf', 'HfCu3', 'HfTi3', 'HfGa2', 'HfB6', 'HfGa3', 'HfIr3', 'HfBe13', 'HfMg3', 'HfMg', 'HfZn22', 'HfTe2', 'HfAu3', 'HfAs', 'HfOs3', 'HfB2', 'Na3Hf']"
Ta,P4_2/mnm,554.3708437019316,"['Sr3Ta', 'Ta', 'TaCl5', 'TaFe2', 'TaMo', 'K3Ta', 'TaCl3', 'TaZn3', 'TaB', 'Mg149Ta', 'Mg3Ta', 'TaPd', 'TaP', 'TaTi3', 'TaW3', 'TaC', 'TaTc', 'TaV', 'TaBr5', 'TaTe4', 'TaS', 'La3Ta', 'TaRu', 'TaTe2', 'TaNb', 'TaO', 'TaF5', 'TaOs3', 'TaO10', 'TaSb3', 'Ta(WO4)2', 'TaRu3', 'TaB4', 'Th3Ta', 'TaPb3', 'Ta(Mo2S5)2', 'Yb3Ta', 'TaRe', 'TaRh2', 'TaGe2', 'TaNi3', 'TaCo3', 'TaCl4', 'TaPd3', 'TaI5', 'TaS3', 'TaNbTe4', 'TaAs3', 'TaB2', 'TaPd2', 'TaSe2', 'TaSe3', 'TaAs2', 'TaZn2', 'TaN', 'TaW', 'TaFe', 'Pu3Ta', 'TaH4', 'Zr3Ta', 'TaAs', 'Rb3Ta', 'TaBe3', 'Eu3Ta', 'TaH2', 'TaSi2', 'TaAu', 'TaIr3', 'TaNi', 'Na3Ta', 'TaTi', 'PaTa', 'TaBe2', 'TaO3', 'TaMn2', 'TaO2', 'Hf3Ta', 'TaNi2', 'TaAl3', 'TaCr2', 'TaSn3', 'Pa3Ta', 'TaP3', 'TaN2', 'TaV2', 'TaRh3', 'TaPt3', 'TaF3', 'HfTa', 'U3Ta', 'TaSb2', 'TaBe12', 'TaI4', 'TaGa3', 'TaS2', 'TaSe6', 'YbTa', 'TaCo2', 'TaPt2', 'MgTa', 'TaCo', 'TaSn2', 'TaIr']"
W,Im-3m,15.932263521447117,"['HW', 'WO2', 'P3W', 'As2W', 'WAu3', 'WCl6', 'WS', 'H5W', 'Re2W', 'B2W', 'Rh3W', 'WCl4', 'Ir4W', 'B4W', 'H3W', 'Sr3W', 'WCl5', 'Th3W', 'Be13W', 'Pd4W', 'Na3W', 'P2W', 'CoW', 'Co3W', 'K3W', 'H6W', 'Mg3W', 'PtW', 'W', 'Te2W', 'Pt3W', 'Ru3W', 'Ta3W', 'WO5', 'Rb3W', 'WN2', 'Tc3W', 'Yb3W', 'WI4', 'RuW', 'Fe2W', 'WBr4', 'Pa3W', 'WF4', 'Hf4W', 'WC', 'WO3', 'Be22W', 'Re3W', 'BW', 'Mg15W', 'Li3W', 'Mg7W', 'WBr6', 'As3W', 'Al2W', 'Ca3W', 'PdW', 'Fe3W', 'WCl3', 'Si3W', 'Sb3W', 'WO4', 'Ge2W', 'WBr5', 'WN18', 'Be2W', 'Zr4W', 'B12W', 'Be12W', 'H4W', 'Si2W', 'IrW', 'Ag3W', 'Al5W', 'WN', 'CaW', 'WS2', 'Pd3W', 'WF5', 'Eu3W', 'WSe2', 'Cu3W', 'Os3W', 'Al12W', 'Ir3W']"
Re,P6_3/mmc,59.243130605479955,"['Pa3Re', 'Cr2ReO6', 'VRe', 'ReN', 'ReH3', 'CrReO4', 'ReSe2', 'ReW4', 'Re(PbN)3', 'ReSi4Mo', 'ReBr', 'ReIr', 'ReSbN', 'NbRe', 'ReW3', 'ReSn3', 'BaReH7', 'RbRe', 'Mg3Re', 'ReP4', 'Eu3ReO8', 'Be2Re', 'Ga3Re', 'AlReSi', 'ReOs', 'ReBiO5', 'Li3Re', 'ReW2', 'Th3Re', 'ReB4', 'ReP3', 'ReB', 'ReCl3', 'Na5ReO6', 'ReAu3', 'ReTc3', 'ReO3', 'ReC2', 'AlReGe', 'Ti2RePt', 'RePb3', 'LiReO5', 'ReSi', 'ReS2', 'LiReN2', 'K3Re', 'TiRe', 'ReSi2', 'TaRe', 'Ti2Re', 'Li6ReN4', 'ReH3O5', 'Eu3Re', 'BaReH9', 'ReTeN', 'Na6ReN4', 'Al6Re', 'ReF7', 'ReCl4', 'ReIr3', 'ReGeAs', 'K2Re', 'Fe3Re', 'Ho3ReO8', 'Be13Re', 'La3ReO8', 'ReOs3', 'ReAg3', 'ReB2', 'ZnRe', 'Cs6ReN4', 'CuReO4', 'ReRu3', 'Ti2ReOs', 'ReO2', 'V11ReB8', 'ReMo3', 'VReO4', 'ReB3', 'TaReO6', 'ReN2', 'Re(WO4)2', 'ReC', 'ReTc', 'MnReO4', 'Re(RhO3)2', 'Be22Re', 'RePt', 'Al12Re', 'GaRe', 'ReF6', 'YReN3', 'Yb3Re', 'Zr2Re', 'ReRh3', 'FeRe', 'ReO5', 'CoRe', 'ReSbO6', 'Rb3Re', 'ReGe2', 'ReTe', 'Re(SeCl6)2', 'CsReF8', 'ReCl5', 'K6ReN4', 'Li5ReO6', 'Ta3Re', 'ReTe2', 'ReI3', 'AlRe', 'ReCl6', 'Pr4Re', 'TlRe', 'ReNCl4', 'Mn3Re', 'ReO3F', 'Na3Re', 'ReNiO4', 'Re(Te2Mo)2', 'ReSi4W', 'Ti2ReB2', 'Mg149Re', 'Mn3ReO6', 'Rb6ReN4', 'V3Re', 'ReAs3', 'Re', 'ReMo']"
Os,P6_3/mmc,28.254800538527018,"['ZnOs', 'OsRh3', 'BOs', 'LaSi3Os', 'Er4OsBr4', 'CeSiOs', 'Mn3Os', 'OsW2', 'Li6OsN4', 'Cr3Os', 'Os', 'Nb3Os', 'Ge3Os', 'K6OsN4', 'V4Os', 'OsC2', 'Os(SeBr6)2', 'Ho2Ge2Os', 'SrOsN2', 'OsPt4', 'Ta2B2Os', 'ReOs', 'Sc3Os', 'Tb3Os', 'Ga3Os', 'AsOsSe', 'HgOs', 'OsAu3', 'B4Os', 'Ce4Os', 'TePOs', 'HfOs', 'Os(CO)4', 'KOsF6', 'OsPt3', 'Mo3Os', 'Al2Os', 'Ti3Os', 'LaGe3Os', 'OsOF4', 'Nb2B2Os', 'U4Os', 'OsN', 'Na5OsO6', 'Te2Os', 'Ca3Os', 'P4Os', 'OsS2', 'Tm3Os', 'IrOs', 'AlOs', 'U2OsC2', 'OsBr4', 'Li7OsO6', 'Na3OsN2', 'POsS', 'CsOsN2', 'Er3Os', 'OsRu', 'Pr4Os', 'VOs', 'Na3Os', 'CoOs', 'Si4P4Os', 'Tc3Os', 'Li3OsN2', 'LiOsF6', 'Sm3Os', 'OsF5', 'Si2Os', 'OsO4', 'OsCl4O', 'OsCl4', 'Y4OsBr4', 'Si3Os', 'SmSi3Os', 'AsOsS', 'OsRu3', 'MgOsN', 'Ti2ReOs', 'SiOs', 'OsO3F2', 'Tl3Os', 'V3Os', 'SbTeOs', 'TiOs', 'NdSi3Os', 'Rb3Os', 'Re3Os', 'Os(SCl4)6', 'UGa5Os', 'Ba2OsO4', 'Pr4OsI5', 'OsF6', 'La4Os', 'Zn3Os', 'POsSe', 'SbOsS', 'Ir4Os', 'AsPOs', 'Ta3Os', 'Th4Os', 'Pr3OsI3', 'SbOsSe', 'CeSi3Os', 'Yb3Os', 'Ho3Os', 'OsC', 'Cs6OsN4', 'Li2OsN2', 'Ga2Os', 'OsO2', 'MgOs', 'OsPb3', 'Os(OF)2', 'OsSe2', 'Co4Os', 'Ce3Os', 'Nd3Os', 'Ge2Os', 'RbOsO3', 'LaOsN3', 'Lu3Os', 'TeAsOs', 'ThSi3Os', 'OsO2F3', 'K2OsO5', 'Hf2Os', 'As2Os', 'Li5OsO6', 'Na6OsN4', 'MoOs', 'Sb2Os', 'LiOsN2', 'SrOsO2', 'Na3H7Os', 'OsClF8', 'K3Os', 'Mg3Os', 'B2Os', 'ZrOs', 'P2Os', 'Ir3Os', 'BiOsSe', 'BaOsO2', 'Sc4OsCl4', 'Pr3Os', 'Li2OsO6', 'Y3Os', 'La3Os', 'Cd3Os', 'Dy3Os', 'Sc3OsC4', 'Co3Os', 'OsN2']"
Ir,Fm-3m,14.310382775109328,"['IrC3', 'Re3Ir', 'Er3Ir', 'Cr3Ir', 'SbIr', 'Tl3Ir', 'IrRu3', 'ZnIr', 'FeIr', 'Mo3Ir', 'CrIr', 'ZrIr', 'Mg3Ir', 'ReIr', 'Si3Ir', 'Mo4Ir', 'Pu4Ir', 'P2Ir', 'IrF3', 'CoIr', 'IrI3', 'Bi2Ir', 'Sr2Ir', 'IrN', 'IrN2', 'Sc2Ir', 'Pr4Ir', 'GaIr', 'BIr', 'IrRh3', 'IrPt3', 'Ho4Ir', 'Sb3Ir', 'HIr', 'Tm4Ir', 'UIr', 'IrSe2', 'IrPd3', 'YbIr', 'Th4Ir', 'IrSe3', 'HoIr', 'Tb4Ir', 'MoIr', 'As3Ir', 'IrRh', 'IrPt', 'As2Ir', 'Rb3Ir', 'P3Ir', 'IrOs', 'Yb4Ir', 'CsIr', 'Ti3Ir', 'Cd3Ir', 'IrBr3', 'IrN3', 'YIr', 'IrO3', 'IrC2', 'LuIr', 'NiIr', 'Ge3Ir', 'TiIr', 'NbIr', 'La4Ir', 'IrRu', 'K3Ir', 'Lu3Ir', 'Lu4Ir', 'Zr3Ir', 'Ca4Ir', 'IrC', 'AlIr', 'V3Ir', 'LiIr', 'Ho3Ir', 'La3Ir', 'Na3Ir', 'IrS2', 'Mn3Ir', 'Y3Ir', 'Te2Ir', 'ErIr', 'IrCl2', 'Al3Ir', 'Tc3Ir', 'Co3Ir', 'MgIr', 'IrI', 'IrCl3', 'IrPd', 'Ge4Ir', 'ScIr', 'Zr4Ir', 'Sn4Ir', 'IrPb', 'In3Ir', 'Pr3Ir', 'IrC4', 'TeIr', 'SiIr', 'AgIr', 'IrF4', 'TmIr', 'IrW', 'Si2Ir', 'Zr2Ir', 'HfIr', 'Hg3Ir', 'Nb3Ir', 'Tm3Ir', 'Ce3Ir', 'GeIr', 'Sn2Ir', 'IrSe', 'Ga3Ir', 'VIr', 'Tb3Ir', 'Ta3Ir', 'TcIr', 'Dy3Ir', 'Ir', 'SnIr', 'Be3Ir', 'Zn3Ir', 'Sc4Ir', 'Dy4Ir', 'IrO2', 'Bi4Ir', 'Sr4Ir', 'MnIr', 'Nd3Ir', 'Sb2Ir', 'Eu4Ir', 'TaIr', 'Y4Ir', 'Er4Ir', 'Nd4Ir']"
Pt,Fm-3m,15.327454053856243,"['Pu2Pt', 'Fe3Pt', 'P2Pt', 'Cd3Pt', 'CuPt', 'SnPt', 'BaPt', 'PtPb4', 'BiPt', 'MnPt', 'Tc3Pt', 'Mo3Pt', 'PtS2', 'Al2Pt', 'PtPb3', 'Yb4Pt', 'Mg3Pt', 'Ba4Pt', 'V3Pt', 'Tl2Pt', 'CoPt', 'Cs3Pt', 'ZnPt', 'In3Pt', 'Tl3Pt', 'Zn3Pt', 'K2Pt', 'NaPt', 'MoPt', 'Sn2Pt', 'Sm4Pt', 'La4Pt', 'Nb2Pt', 'Eu4Pt', 'PtCl3', 'PtO6', 'Ho4Pt', 'Ca4Pt', 'IrPt', 'Mg2Pt', 'Cu3Pt', 'InPt', 'Re3Pt', 'AlPt', 'Sr4Pt', 'PtW', 'Mg149Pt', 'PtRh3', 'PPt', 'PtN2', 'Be5Pt', 'PtO3', 'HfPt', 'Na3Pt', 'Mn3Pt', 'H3Pt', 'TiPt', 'U3Pt', 'CrPt', 'KPt', 'Te2Pt', 'BPt', 'Ag3Pt', 'PtC', 'PtBr3', 'Hg3Pt', 'Co3Pt', 'ZrPt', 'TePt', 'Si3Pt', 'Ga3Pt', 'Ga2Pt', 'Ce4Pt', 'Ta3Pt', 'HgPt', 'RePt', 'TbPt', 'AgPt', 'Zr2Pt', 'CdPt', 'PtCl2', 'PtAu', 'PdPt', 'PtO', 'Nb3Pt', 'Ga5Pt', 'Cr3Pt', 'Sb2Pt', 'Li4Pt', 'Al3Pt', 'Tm4Pt', 'PtPb', 'Li2Pt', 'PtRh', 'LiPt', 'Pt', 'Mg5Pt', 'PtPb2', 'Th3Pt', 'Cs2Pt', 'As2Pt', 'Tb4Pt', 'PtS', 'GaPt', 'Hf3Pt', 'Rb3Pt', 'Er4Pt', 'MgPt', 'Nd4Pt', 'Ge3Pt', 'Fe2Pt', 'Li3Pt', 'PtN', 'Ti3Pt', 'Be12Pt', 'Pr4Pt', 'PtCl4', 'Na4Pt', 'TlPt', 'Dy4Pt', 'NiPt', 'PtI2', 'RuPt', 'Zr3Pt', 'PtF5', 'VPt', 'SbPt', 'TcPt', 'Ni3Pt', 'ScPt', 'Bi2Pt', 'PtI3', 'PtSe2', 'In2Pt', 'Y4Pt', 'FePt', 'Hg2Pt', 'PtO2']"
Au,Fm-3m,18.14473805188449,"['Eu3Au', 'EuAu', 'AuCl2', 'AuC2', 'AuN2', 'Pb2Au', 'AuS', 'Lu2Au', 'GaAu', 'Fe3Au', 'TiAu', 'MgAu', 'Te3Au', 'Ta3Au', 'AuN', 'HoAu', 'Cd3Au', 'Np3Au', 'AuF5', 'PrAu', 'V3Au', 'Zn3Au', 'Sn2Au', 'ZrAu', 'DyAu', 'Ga3Au', 'In3Au', 'Pu3Au', 'SrAu', 'AuBr2', 'CeAu', 'Th2Au', 'AuCl', 'Nb3Au', 'Ce3Au', 'NdAu', 'SnAu', 'BAu', 'Th3Au', 'Na3Au', 'Be5Au', 'Cu3Au', 'La2Au', 'Sm2Au', 'Mg2Au', 'Nd3Au', 'GdAu', 'AlAu', 'Na2Au', 'Nd2Au', 'AuCl3', 'Tl2Au', 'Sm3Au', 'Pr3Au', 'Ga2Au', 'Zr2Au', 'Mg3Au', 'BiAu', 'TbAu', 'Hg3Au', 'Mg5Au', 'AuS2', 'Sc2Au', 'AuBr', 'CuAu', 'HfAu', 'Ti3Au', 'YAu', 'CdAu', 'Al3Au', 'Er2Au', 'Na4Au', 'Tb2Au', 'TaAu', 'ZnAu', 'SmAu', 'ErAu', 'LiAu', 'FeAu', 'AuI', 'Bi3Au', 'Au', 'PtAu', 'Ce2Au', 'Sb2Au', 'Bi4Au', 'YbAu', 'ScAu', 'Ac3Au', 'Ge3Au', 'Sn3Au', 'Sr3Au', 'TmAu', 'Pd3Au', 'Mn2Au', 'AuF3', 'Hf3Au', 'AgAu', 'Te2Au', 'AuCl4', 'Al2Au', 'Ag3Au', 'CsAu', 'Zr3Au', 'Ni3Au', 'AuSe', 'Pm3Au', 'Tb3Au', 'Cu4Au', 'Ca3Au', 'Sb3Au', 'P3Au', 'AuI2', 'In2Au', 'PdAu', 'AuBr3', 'Gd3Au', 'CrAu', 'Dy2Au', 'Hf2Au', 'LaAu', 'Pb4Au', 'LuAu', 'Pb3Au', 'Be12Au', 'Mn3Au', 'Ta2Au', 'RbAu', 'Tm2Au', 'B2Au', 'Tl3Au', 'MnAu', 'VAu', 'AuC', 'BeAu', 'Pr2Au', 'Mg149Au', 'Li3Au']"
Hg,R-3m,95.13840631709425,"['LiHg', 'Na3Hg', 'Ag2Hg', 'Ac3Hg', 'Th3Hg', 'ErHg', 'K3Hg', 'NdHg', 'HgAu4', 'HgB6', 'HgI', 'HgPb2', 'Tb3Hg', 'Sc3Hg', 'PrHg', 'AgHg', 'ZrHg', 'Er3Hg', 'Hg', 'InHg', 'BaHg', 'HgN3', 'La3Hg', 'HgOs', 'MnHg', 'EuHg', 'HgO', 'Nd3Hg', 'Rb3Hg', 'Th2Hg', 'HgO2', 'YbHg', 'Tm3Hg', 'CaHg', 'U3Hg', 'TiHg', 'HgPb4', 'Ho3Hg', 'TbHg', 'Tl3Hg', 'HgF2', 'Np3Hg', 'HgS4', 'HgTe', 'HgF3', 'HgSe', 'HgCl', 'Cs3Hg', 'HgPd', 'Pr3Hg', 'Pm3Hg', 'HgN', 'Ga3Hg', 'HgI2', 'HgF', 'DyHg', 'HgC', 'Ag3Hg', 'Mg5Hg', 'Dy3Hg', 'LaHg', 'HgGe3', 'Hf3Hg', 'HgN2', 'CsHg', 'HgPt3', 'Ce3Hg', 'Cd2Hg', 'ThHg', 'HoHg', 'Ni3Hg', 'HgPt', 'Ca3Hg', 'CeHg', 'Ba2Hg', 'Sm3Hg', 'In3Hg', 'HgPd3', 'NiHg', 'Lu3Hg', 'HgPb3', 'SrHg', 'LuHg', 'Mn3Hg', 'MgHg', 'Zn3Hg', 'ScHg', 'HgBi3', 'Sr3Hg', 'Li3Hg', 'HgBr3', 'Mg149Hg', 'HgCl2', 'Ti3Hg', 'HgBr2', 'GdHg', 'Cd3Hg', 'HgPt4', 'HgI3', 'HgBr', 'Mg3Hg', 'HgN6', 'HgS', 'TmHg', 'Ca2Hg', 'Zr3Hg', 'Hf2Hg', 'Sn3Hg', 'Pa3Hg', 'YHg', 'HgAu3', 'KHg', 'TlHg']"
Tl,P6_3/mmc,59.81227665924512,"['TlBi3', 'Zr3Tl', 'DyTl', 'TlAgTe2', 'Eu3Tl', 'TlCl3', 'TlIn3', 'TlN3', 'Mn3Tl', 'TlTe', 'TlP', 'TlIn5Se7', 'TlP3', 'TlIn5S7', 'NdTl', 'TlP5', 'Lu3Tl', 'Tm3Tl', 'Dy2Tl', 'TlIn5S8', 'Pr3Tl', 'TlS', 'TlZn3', 'CeTl', 'TlAs', 'TlInCl3', 'TlV5S8', 'TlF3', 'Tl(V3S4)4', 'K3Tl', 'TlI3', 'TlCu7S4', 'LuTl', 'Rb3Tl', 'YTl', 'KTl', 'TlIn', 'TlBr2', 'TlSn', 'Pa3Tl', 'Ca3Tl', 'TlGeF3', 'Gd2Tl', 'Sc3Tl', 'Zr3TlF15', 'Ac3Tl', 'LaTl', 'Nb3Tl', 'TlS3', 'Na2Tl', 'Mg3Tl', 'TlBiF4', 'TlBi', 'Tl', 'Al3Tl', 'La3Tl', 'ErTl', 'TlV3O8', 'TlH', 'TlSbSe2', 'TlIn5S6', 'Li3Tl', 'TlC', 'Y3Tl', 'TlNi', 'TmTl', 'TlPd3', 'HoTl', 'ThTl', 'TlN', 'UTl', 'GdTl', 'TlBr', 'HfTl', 'MgTl', 'Tb2Tl', 'Nd2Tl', 'TlAu3', 'NbTlO3', 'Pr2Tl', 'Hf2Tl', 'TlHg3', 'TlCuO2', 'Np3Tl', 'NaTl', 'TlCl', 'Li2Tl', 'TlCu7Se4', 'Na3Tl', 'TlHO', 'Tl(ZnSb)2', 'Nd3Tl', 'YbTl', 'TlInS2', 'TbTl', 'TlF', 'Tl(TeMo)3', 'Hf3Tl', 'TlPO3', 'TlSb', 'TlCr5Te8', 'TlNO2', 'TlPb', 'TlI', 'EuTl', 'Sm2Tl', 'Th2Tl', 'Ti3Tl', 'TlGeCl3', 'Yb2Tl', 'CaTl', 'TlPt', 'TlBi2', 'Pm3Tl', 'TlFeSe2', 'TlBr3', 'TlRe', 'Ce3Tl', 'SmTl', 'TlCl2', 'TlRh3', 'TlHgF3', 'PrTl', 'TlSn3', 'SrTl', 'Mg2Tl', 'TlPd2', 'LiTl', 'Ti5TlS8', 'Mg149Tl', 'TlBi25O39', 'TlFeS2', 'TlO', 'TlO2', 'BaTlIn3', 'TlSe', 'TlHg']"
Pb,Fm-3m,31.053715283135052,"['Rh3Pb', 'PbCl4', 'Ca2Pb', 'Ga3Pb', 'Pd3Pb', 'Tb3Pb', 'La3Pb', 'In4Pb', 'Pr3Pb', 'Hg3Pb', 'MoPb', 'PbS', 'PbSe', 'Mn8PbO16', 'PbO2', 'AgPbO2', 'Sc3Pb', 'PbAuO2', 'Mg2Pb', 'Tm3Pb', 'Pt3Pb', 'BiPb', 'PbO', 'Li3Pb', 'PbF2', 'PbAu3', 'Re3Pb', 'Yb3Pb', 'PbI2', 'Ni3Pb', 'PbBr2', 'BaPb', 'Sr3Pb', 'PPb', 'V12PbO30', 'NiPb', 'MgPb', 'In3Pb', 'InPb', 'Pu3Pb', 'PbF4', 'ThPb', 'BiPbF5', 'Bi3Pb', 'PbCl2', 'Zr3Pb', 'Cd3Pb', 'Pm3Pb', 'SbPb', 'KPb', 'La2PbF8', 'PbI6', 'Ce3Pb', 'V3Pb', 'Tc3Pb', 'Sb3Pb', 'PbSe2', 'CaPbI4', 'ZrPbO5', 'Rb3Pb', 'PbN6', 'Th3Pb', 'PdPb', 'Hf3Pb', 'Ho3Pb', 'PbF3', 'RbPb', 'SnPb', 'PbAu2', 'RhPb', 'Tl3Pb', 'V6PbO11', 'UPb', 'Tb6PbSe10', 'PtPb', 'Ti3Pb', 'B6Pb', 'Y3Pb', 'Ta3Pb', 'Mg149Pb', 'IrPb', 'TlPb', 'Pb', 'Er3Pb', 'TePb', 'PbC', 'SrPb', 'Sr2Pb', 'Mg3Pb', 'LiPb', 'Sn3Pb', 'Ca3Pb', 'PbS2', 'CaPb', 'HPb', 'Hf5Pb', 'Ba2Pb', 'P7Pb', 'Mg5Pb', 'Ir3Pb', 'NaPb', 'Ag3Pb', 'PbN', 'PbWO4', 'EuPb', 'Nb3Pb', 'H3Pb', 'SnPbS2', 'ZrPb']"
Bi,R-3m,73.1719777495792,"['AlBi', 'BiBr', 'Ta3Bi', 'BiPt', 'InBi', 'BiB', 'ErBi', 'Na3Bi', 'In2Bi', 'BiN', 'BiTe', 'TbBi', 'TmBi', 'PrBi', 'YBi', 'Nd2Bi', 'BiF3', 'DyBi', 'NaBi', 'Ca2Bi', 'Ga3Bi', 'BiPb', 'Mg5Bi', 'Ag3Bi', 'Dy3Bi', 'KBi', 'CrBi', 'Sr2Bi', 'Sn3Bi', 'CeBi', 'Hg3Bi', 'RbBi', 'Re3Bi', 'Ho3Bi', 'Ti3Bi', 'Mg149Bi', 'BiS2', 'Tl4Bi', 'BiO2', 'PuBi', 'BiF5', 'Rb3Bi', 'TlBi', 'HoBi', 'LiBi', 'SmBi', 'BiF4', 'BiSb', 'MgBi', 'BiSe', 'BiAu', 'La2Bi', 'Mg2Bi', 'BiPb4', 'In3Bi', 'Ti2Bi', 'BiB5', 'NpBi', 'Ba3Bi', 'V3Bi', 'LaBi', 'NiBi', 'BiPd3', 'Ni3Bi', 'BiI', 'Mg15Bi', 'BiI5', 'BiH3', 'BiO', 'Mg3Bi', 'SnBi', 'Tl3Bi', 'Bi', 'Mn3Bi', 'Ce2Bi', 'Zr3Bi', 'BiSe2', 'ThBi', 'Eu3Bi', 'GaBi', 'Sm2Bi', 'Nb3Bi', 'BiS', 'Hf2Bi', 'Li3Bi', 'NdBi', 'BiB6', 'In4Bi', 'CsBi', 'Sr3Bi', 'BiI3', 'Sc3Bi', 'K3Bi', 'Mg7Bi', 'Ba2Bi', 'BiBr3', 'CuBi', 'Tb3Bi', 'BiTe3', 'Hf3Bi', 'UBi', 'Co3Bi', 'Cd3Bi', 'Y3Bi', 'BiRh', 'MnBi', 'BiPd', 'BiS3', 'Pr2Bi', 'BiPt3', 'ZnBi']"
Po,,,[]
At,,,[]
Rn,,,[]
Fr,,,[]
Ra,,,[]
Ac,P6_3/mmc,184.54540076862065,"['CsAc', 'AcPrMg2', 'LiAcTe2', 'AcTb3', 'AcCl3', 'SrAcZn2', 'Ac2ZnAu', 'SrAcAu2', 'AcCu3', 'AcGa3', 'Cs3Ac', 'AcAu3', 'AcPdO3', 'AcSm3', 'CaAcHg2', 'AcGaO3', 'AcZn2Cd', 'Ba3Ac', 'AcLa3', 'AcEuAu2', 'AcEuZn2', 'AcInTe2', 'NaAcIn2', 'AcSbAu2', 'AcH3', 'CaAcGa2', 'NaAcHg2', 'AcBrO', 'SrAcCd2', 'NaAcTe2', 'AcLaMg2', 'CsAcTe2', 'AcCdAg2', 'AcYb3', 'LiAcHg2', 'AcMgZn2', 'SrAcIn2', 'AcCdRh2', 'CaAcZn2', 'Ac2TlIn', 'AcYbAg2', 'LiAcTl2', 'AcSc3', 'SrAcGa2', 'AcPbAu2', 'Ac2ZnHg', 'AcDy3', 'AcYbZn2', 'AcSiO3', 'AcYbMg2', 'AcYbRh2', 'Ac2GaSi', 'Li2AcAl', 'AcSnAu2', 'AcYbAu2', 'AcMg5', 'Rb3Ac', 'AcVO3', 'AcClO', 'AcAgHg2', 'AcMgTl2', 'AcTe3', 'AcRh2Pb', 'AcOF', 'AcCrO3', 'Li2AcSn', 'AcTlAg2', 'AcH2', 'LiAcO3', 'SrAcHg2', 'Li2AcIn', 'AcMgO3', 'SrAcTl2', 'Ac', 'AcEuMg2', 'AcYbCd2', 'NaAcTl2', 'AcLa', 'AcTlHg2', 'AcTlTe2', 'AcTlAu2', 'AcEu3', 'CsAcO3', 'Ac2O3', 'AcBiAu2', 'AcNb3', 'AcInAg2', 'AcInHg2', 'AcCuO2F', 'Ac2S3', 'AcTh3', 'AcYbTl2', 'Ac2CdGe', 'Li3Ac', 'AcSnHg2', 'CaAcMg2', 'AcI3', 'AcY3', 'AcSe3', 'AcIn3', 'AcMgHg2', 'AcAg3', 'AcMg', 'Li2AcTl', 'AcBr3', 'Ac2TlCd', 'AcHgAu2', 'Ac2TlSn', 'RbAcTe2', 'NaAcAu2', 'AcNd3', 'AcAg2Sn', 'AcMgCd2', 'Ac2CdGa', 'AcMnO3', 'Ac2MgGa', 'AcMg3', 'CsLiAcO3', 'AcAg', 'AcCdHg2', 'AcAlO3', 'AcNdMg2', 'Ac2Mg', 'Ca3Ac', 'AcLaCd2', 'Ac2AgPb', 'Li2AcPb', 'AcSi3', 'KAcO3', 'AcYbHg2', 'KAcTe2', 'RbAcO3', 'AcSnPd2', 'AcZn2In', 'AcGaTe2', 'AcO', 'AcFeO3', 'CaAcRh2', 'AcN', 'CaAcIn2', 'AcTiO3', 'AcHgRh2', 'Ac2ZnSn', 'AcPr3', 'Ac2Br2O', 'AcCe3', 'AcYbGa2', 'AcScO3', 'AcAl3', 'AcZn3', 'AcGe3', 'AcBO3', 'AcMg149', 'AcPm3', 'AcCuO3', 'AcF3', 'AcCd3', 'CaAcAu2', 'AcZnAu2', 'AcAgTe2', 'AcCeMg2', 'AcCdAu2', 'AcEr3', 'AcNiO3', 'AcTh', 'AcAgAu2', 'CaAcTl2', 'AcHg3', 'AcTlRh2', 'Ac2Cl2O', 'AcInAu2', 'AcHgTe2', 'LiAcRh2', 'K3Ac', 'Sr3Ac', 'NaAc', 'AcAg2Pb']"
Th,Fm-3m,32.144276686139456,"['ThBr2', 'ThAl3', 'ThI2', 'ThAs', 'ThMg149', 'TbTh', 'ThRu2', 'ThZr2', 'Eu3Th', 'ThP', 'ThF4', 'ThB4', 'ThN', 'LaTh', 'ThB6', 'ThZn11', 'ThCo', 'Ca5ThF14', 'ThGa2', 'CsTh', 'ThC', 'ThPt2', 'ThAl', 'ThGe2', 'ThTe3', 'ThPd3', 'ThPt', 'ThBr4', 'Sm3Th', 'ThZr3', 'ThAs2', 'ThIr2', 'ThSi3Ir', 'ThSi3Ru', 'ThMn12', 'BaTh', 'ThGa', 'ThCo5', 'ThTc2', 'ThSi2', 'ThCd5', 'ThIn3', 'ThTe', 'ThMg2', 'ThFe2', 'ThCu2', 'ThCo3', 'ThNi5', 'ThBe13', 'ThZn2', 'CeTh', 'ThAg2', 'Ca4ThF12', 'ThCo2', 'PuTh', 'ThH2', 'ThCl4', 'ThAg3', 'ThZn4', 'ThI4', 'ThAl2', 'ThPb', 'ThFe3', 'ThSe', 'ThIn', 'ThGe', 'ThRe2', 'ThPb3', 'ThPt3', 'ThSi3Rh', 'Nd3Th', 'Tm3Th', 'ThSc3', 'ThSn3', 'ThRh', 'LuTh', 'ThCd11', 'HoTh', 'ThO2', 'ThTl', 'ThCd3', 'Pr3Th', 'ThS2', 'ThSb2', 'ThGa3', 'ThAu', 'ThCd2', 'ThIr5', 'K3Th', 'ThCoSi3', 'ThP2', 'Y3Th', 'ThHg2', 'ThSi', 'Th', 'ThSe3', 'ThHg', 'ThTi3', 'ThHg3', 'ThNi2', 'Ho3Th', 'ThPd', 'ThIr', 'ThTl3', 'ThPa3', 'ThBi2', 'Ce3Th', 'Ba3Th', 'ThC2', 'ThRu', 'ThNp3', 'ThAu3', 'ThB12', 'ThSe2', 'ThBi', 'Tb3Th', 'ThBi3', 'Er3Th', 'ThSc', 'ThCu6', 'ThTc3', 'ThCl2', 'ErTh', 'Ac3Th', 'ThS', 'ThRh2', 'ThNi', 'ThSn2', 'ThMg3', 'YTh', 'NdTh', 'ThRh3', 'Hf3Th', 'ThI3', 'Li3Th', 'Lu3Th', 'ThSi3Os', 'PrTh', 'ThSb', 'ThP7', 'SmTh', 'Pu3Th', 'ThO', 'ThH3', 'DyTh', 'AcTh', 'ThCl', 'ThFe5', 'ThAu2', 'Pm3Th', 'Sr3Th', 'ThMn2', 'ThOs2', 'ThN2', 'Rb3Th']"
Pa,I4/mmm,24.46037090317387,"['Cs2PaF7', 'PaAl3', 'DyPa', 'PaHgO3', 'Ba3Pa', 'PaGaCu2', 'PaMn2Al', 'LuPaRe2', 'DyPaO4', 'YbPaIr2', 'PaInPd2', 'PaNi', 'PaTe3', 'PaCoO3', 'PaSiTc2', 'TmPaRu2', 'RbPaO3', 'PaSb2', 'CePaO4', 'Rb2PaF7', 'PaNi3', 'Pr3Pa', 'Yb3Pa', 'PaAlRu2', 'HoPaRu2', 'PaTe2Au', 'ErPaTc2', 'PaInNi2', 'PaTc2Sn', 'PaNi2Sb', 'PaAlFe2', 'KPaO3', 'YPaO4', 'PaBiAu2', 'PaPt5', 'PaO', 'HfPaTc2', 'PaTi3', 'NdPaO4', 'PaGe3', 'PaGa3', 'LiPaO3', 'TmPaO4', 'PaTi', 'PaPd3', 'PaPt3', 'PaZnRh2', 'GdPaTc2', 'PaBr5', 'YPaRu2', 'PrPaO4', 'Pm3Pa', 'BaPaO3', 'NaPaO3', 'PaZnTc2', 'SmPaO4', 'PaMn2Ga', 'PaAlTc2', 'PaO3', 'PaIn3', 'PaInPt2', 'PaZnNi2', 'PaFe3', 'LuPaO4', 'GdPaO4', 'PaInAu2', 'PaIr3', 'PaGaTc2', 'U3Pa', 'PaAgO3', 'PaPbAu2', 'PaB3', 'Pa', 'PaInCu2', 'PaCdAu2', 'PaC2', 'PaBe13', 'PaV', 'PaP2', 'PaH3', 'PaCl5', 'K2PaF7', 'PaSe3', 'PaBeO3', 'PaBi3', 'PaNi2Sn', 'PaZnAu2', 'MgPaPt2', 'PaI3', 'ScPaO4', 'PaTaO3', 'ScPaTc2', 'PaGaAu2', 'PaZnPt2', 'PaTiTc2', 'PaTlAu2', 'PaCl4', 'PaSb3', 'PaAgTe2', 'TmPaOs2', 'PaTc3', 'Mg3Pa', 'Nd3Pa', 'Ce3Pa', 'Sr3Pa', 'PaZn3', 'PaBO3', 'LiPaPt2', 'CsPaO3', 'EuPaO4', 'GdPaRu2', 'PaN', 'PaOsO3', 'PaSiO3', 'PaCdPt2', 'PaRe3', 'Mg16PaAl12', 'PmPa', 'LaPaO4', 'PaTa', 'PaAs', 'PaO2', 'PaRh3', 'HoPaTc2', 'PaGaPt2', 'PaAu3', 'PaSnAu2', 'PaGaNi2', 'PaBr4', 'SmPa', 'PaInRu2', 'PaAlV2', 'ErPaO4', 'PaGaFe2', 'ZrPaTc2', 'PaS3', 'PaTlO3', 'PaTc2Ge', 'LiPa', 'PaTe2Pd', 'PaCo3', 'PaHgAu2', 'PaAlAu2', 'HoPaO4', 'PuPaO4', 'PaP3', 'PaHgTe2', 'PaInTc2', 'LiPaRu2', 'PaSi3', 'Na3PaF8', 'PmPaO4', 'PaAs2', 'PaZnRu2', 'PaCu2Sn', 'MgPaTc2', 'ErPaOs2', 'Ac3Pa', 'Th3Pa', 'DyPaO3', 'TbPa', 'PaSnRu2', 'ThPaTc2', 'PaInO4', 'PaCd', 'PaC', 'PaNi2Ge', 'MgPaAu2', 'PaBr3O', 'YbPaO4', 'TbPaO4', 'PaSnPd2']"
U,Cmcm,39.302152148225844,"['USn', 'UP3', 'UAs2', 'UFe2', 'UP4', 'URh3', 'UF6', 'Sr3U', 'UC', 'UF3', 'UTc3', 'UCo5', 'UHg2', 'UO2', 'UPt3', 'UO11', 'Mg3U', 'UMn2', 'UO3', 'UPb3', 'Lu3U', 'USb', 'UCl6', 'USe2', 'UTe', 'UAl4', 'UPt', 'UI4', 'Eu3U', 'UIr', 'USn3', 'USi', 'U', 'UTe5', 'UZn3', 'UN2', 'UNi2', 'USn2', 'UCu5', 'ErU', 'Yb3U', 'US2', 'UHg3', 'UNb6O16', 'USb2', 'UBi2', 'UBr', 'USb3', 'Hf2U', 'UP2', 'URu3', 'MgU', 'USi3', 'UCd', 'UAg3', 'UCo', 'USi2', 'UAs', 'UIn3', 'UGe3', 'UO5', 'UTl', 'UMo', 'UIr2', 'UH3', 'SrU', 'UOs2', 'UTl3', 'Th3U', 'US', 'UCl4', 'UN', 'US3', 'UO4', 'URe2', 'UBe13', 'UPt5', 'UAl2', 'UB12', 'UC2', 'UF4', 'UO', 'UTe2', 'UI3', 'UV2', 'UCl3', 'UPb', 'LiU', 'UB4', 'UMn3', 'USe', 'UCl2', 'USe3', 'UGa3', 'UCd3', 'UP', 'ZrU', 'K3U', 'UNb', 'UAl3', 'UPd3', 'UGe2', 'UGa', 'UBi', 'UTi', 'UCo3', 'Zr2U', 'UF5', 'UAu2', 'UB2', 'UGa2', 'UCo2', 'UCl5', 'UPt2', 'UNi5', 'UTe3', 'UBr3', 'UBr5', 'Ca3U', 'UCr3', 'UIr3', 'UPb2', 'UBr4', 'UF']"
Np,Pnma,144.8752353579778,"['Np(GeRh)2', 'NpN4O11', 'Nd3Np', 'NpAg3', 'NpF3', 'Np(SiIr)2', 'Rb2NpO4', 'NpCrO11', 'Np(Al2Fe)4', 'NpPt', 'BaSr2Np', 'NpSO', 'NpPa3', 'NpAs', 'Mg3Np', 'Np', 'Li3Np', 'NpSeO5', 'KNpO3', 'Pr3Np', 'NpBe13', 'NpF5', 'K2NpO4', 'Sm3Np', 'NpIO', 'NpB2C', 'Ho3Np', 'PuNp', 'NpIr2', 'Cs2NpO4', 'Pu3Np', 'NpP3', 'NpMn2', 'Np(SiOs)2', 'NpSnO3', 'NpAs3', 'NpSe3', 'Np(MnGe)2', 'Na3NpO10', 'Na3NpO8', 'Np(FeSi)2', 'NpGa3', 'LuNpO3', 'NpSb2', 'NdNpO3', 'Np(CoSi)2', 'NpOs2', 'HoNp', 'NpI3', 'NpAl3Pd2', 'NpSbTe', 'NpGa5Co', 'Np(CrGe)2', 'PuNpB4', 'NpHgO3', 'NpSb3', 'NpSc3', 'NpCd', 'Np(BH4)4', 'Np(MnSi)2', 'NpPS4', 'NpCl3', 'NpO2', 'Lu3Np', 'NpSeO', 'NpNi2', 'NpSnIr', 'NpAl2Pd5', 'Na3Np', 'Np(CuSi)2', 'NpFe2', 'NpP', 'Np(SiRu)2', 'NpF4', 'Np(SeO3)2', 'NpN2', 'NpB12', 'NpB6', 'NpCl4', 'NpGa5Ni', 'NpTe2', 'Zr2Np', 'NpCo2', 'Np(CrSi)2', 'NpAl3', 'NpIn3', 'Na5NpO6', 'NpRh3', 'NpPd3', 'Np(SiNi)2', 'CsNpO3', 'NpRuO3', 'CaNp', 'Np(Al2Cu)4', 'NpSi3', 'NpBi', 'NpTe', 'NpGa4', 'NpB2', 'NpTeAs', 'NpGe3', 'NpAu3', 'NpBr3', 'NpMoO3', 'NpNi5', 'NpSb', 'Np(SiPd)2', 'Np(SiPt)2', 'NpZn', 'NpGa5Fe', 'NpFe3', 'NpGa2', 'NpAsS', 'PmNp', 'NpRe2', 'NpGeO2', 'NpH2', 'Er3Np', 'Rb3NpO9', 'NpCd11', 'Np(FeGe)2', 'Np(GePd)2', 'NpTaO3', 'NpSiO3', 'Tm3Np', 'Pm3Np', 'Np(NiGe)2', 'NpPt3', 'Ac3Np', 'NpO', 'HfNpO3', 'NpN', 'NpC', 'NpAlO3', 'NpTe3', 'K3NpO8', 'Ba2SrNp', 'NpSi', 'NpF6', 'Np(OF)2', 'NpSn3', 'NpSi2', 'Np(CoGe)2', 'NpB4', 'NpAsSe', 'NpCo3', 'NpCuSe2', 'Np(Al2Cr)4', 'NpTi3', 'NpS', 'Np(Mo3Se4)2', 'Ba3Np', 'Np(FeP3)4', 'NpRu2', 'NpAs2', 'NpH3', 'NpAl4', 'Np(CuGe)2', 'Np(SiRh)2', 'Mg16NpAl12', 'NpV4O12', 'NpAl2', 'NpSe', 'Tb3Np', 'NpGa5Rh', 'Np(SiAu)2', 'NpMn3']"
Pu,P6_3/m,174.90623391594386,"['PuBe13', 'Na3Pu', 'PuO', 'PuGa2', 'PuSb3', 'PuGa3', 'PuCo2', 'PuMg3', 'Pu', 'PuSi3', 'PuZn2', 'PuSe2', 'PuCl', 'PuB4', 'Rb3Pu', 'CePu', 'PuNi3', 'PuZr', 'Rb2PuO4', 'PuIn7Pt2', 'PuS', 'PuMn2', 'Pu(Mg4Al3)4', 'PuB6', 'PuSb2', 'PuNp', 'PuPt', 'PuHg3', 'Pu(SiNi)2', 'PuB2C', 'NaPuF4', 'Ce4Pu', 'PuFe2', 'Sm3Pu', 'PuTe3', 'PuMn3', 'PuCu6', 'PuN', 'Pu(SiRu)2', 'Pu(SiRh)2', 'PuCu2', 'PuGe2', 'Pu(Mo3Se4)2', 'PuAl4', 'Pu(SiPt)2', 'PuClO', 'PuTcB2', 'PuNi4', 'PuHf3', 'PuF3', 'PuPb3', 'Pu(SiPd)2', 'PuSn3', 'PuSn2', 'Pu(SiOs)2', 'PuP', 'Nd3Pu', 'PuTh', 'PuS3', 'Pu(SiIr)2', 'PuAg3', 'PuSe', 'PuAs3', 'PuBrO', 'PuBr2', 'PuB2', 'PuCl3', 'PuH3', 'PuBi', 'Pu(FeSi)2', 'PuIO', 'PuCl2', 'PuOF', 'PuSb', 'PuC2', 'PuPt2', 'PuIn', 'PuPa3', 'PuOs2', 'K2PuCl6', 'PuAl2', 'PuF4', 'PuU4N5', 'PuZr4C5', 'PuNi5', 'Pu(TeO3)2', 'PuB', 'PuIn3', 'PuRu2', 'PuPd', 'PuSi', 'PuTe2', 'PuAl3', 'PuAl2Pd5', 'Pu(SiAu)2', 'PuSbTe', 'PuAsO4', 'PuPb2', 'PuH2', 'PuSi2', 'PuBr3', 'TbPu', 'PuMg', 'PuGa4', 'PuRh2', 'PuI3', 'PuS2', 'PuPt5', 'PuGa', 'PuPt4', 'Y3Pu', 'PuAs', 'Pu(BRu)4', 'NaPu', 'Li3Pu', 'PuO2', 'PuUN2', 'K2PuO4', 'PuI2', 'Pu(N4O9)2', 'PuP3', 'PuTlO3', 'Pu(CuSi)2', 'PuAu3', 'PuC', 'PuGa6', 'PuNi2', 'PuRu', 'PuUSn6', 'CsPuO3', 'PuPO4', 'PuTe', 'PuPd3', 'PuNp3', 'SmPu', 'Pu(CoSi)2', 'KPu', 'PuZr2', 'PuPaO4', 'PuB12', 'Pu(CrSi)2', 'PuCo3', 'PuRe2', 'PuCd11', 'PuRh3', 'Cs2PuCl6', 'PuTaC2', 'PuIr2', 'PuGa5Co', 'PuGe3', 'Pu(MnSi)2', 'PuBi3', 'PuPt3', 'PuFeC2', 'Lu3Pu', 'PuNi', 'Ho3Pu', 'Pu(SeO3)2', 'Cs2PuO4']"
Am,,,[]
Cm,,,[]
Bk,,,[]
Cf,,,[]
Es,,,[]
Fm,,,[]
Md,,,[]
No,,,[]
Lr,,,[]
Rf,,,[]
Db,,,[]
Sg,,,[]
Bh,,,[]
Hs,,,[]
Mt,,,[]
Ds,,,[]
Rg,,,[]
Cn,,,[]
Nh,,,[]
Fl,,,[]
Mc,,,[]
Lv,,,[]
Ts,,,[]
Og,,,[]
